epoch,kl_g0_weight,kl_u_weight,train_loss_total,train_loss_recon,train_loss_kl_g0,train_loss_kl_u,train_loss_cls,val_loss_total,val_loss_recon,val_loss_kl_g0,val_loss_kl_u,val_loss_cls,lr
1,1.000,1.000,1838.533162,2297.774119,0.005273,0.210877,0.704451,192.804043,240.601768,0.004842,0.227529,0.683660,1.00e-04
2,1.000,1.000,721.980499,902.054223,0.004849,0.242932,0.694429,150.202114,187.317348,0.004631,0.260108,0.682213,1.00e-04
3,1.000,1.000,330.460060,412.620492,0.005117,0.276055,0.693606,126.775938,157.994312,0.005000,0.299505,0.684416,1.00e-04
4,1.000,1.000,239.509800,298.882058,0.005266,0.325764,0.696633,114.399288,142.464157,0.005197,0.358970,0.683114,1.00e-04
5,1.000,1.000,201.037011,250.723068,0.005250,0.392100,0.703368,104.231030,129.675961,0.005231,0.436742,0.683379,1.00e-04
6,1.000,1.000,182.741931,227.767793,0.005224,0.480061,0.697330,95.762571,118.996031,0.005236,0.530887,0.684231,1.00e-04
7,1.000,1.000,161.383822,200.971258,0.005224,0.580101,0.692758,87.108107,108.072546,0.005266,0.636074,0.684984,1.00e-04
8,1.000,1.000,142.282526,176.989424,0.005241,0.685526,0.691848,80.791035,100.072714,0.005268,0.739495,0.685239,1.00e-04
9,1.000,1.000,130.981801,162.755619,0.005258,0.792955,0.693661,74.725246,92.377598,0.005323,0.852685,0.683800,1.00e-04
10,1.000,1.000,122.210440,151.681171,0.005300,0.902594,0.695930,69.658306,85.931410,0.005336,0.965341,0.683177,1.00e-04
11,1.000,1.000,109.017973,135.083782,0.005295,1.010397,0.691955,65.069610,80.105885,0.005340,1.054936,0.683399,1.00e-04
12,1.000,1.000,105.183395,130.205712,0.005318,1.095522,0.690753,62.051268,76.250092,0.005379,1.137697,0.683656,1.00e-04
13,1.000,1.000,97.257748,120.220705,0.005352,1.172777,0.693396,58.294504,71.481470,0.005411,1.210206,0.684171,1.00e-04
14,1.000,1.000,96.395967,119.075307,0.005377,1.240039,0.696943,56.826447,69.578232,0.005424,1.278293,0.684428,1.00e-04
15,1.000,1.000,91.605485,113.030702,0.005400,1.297480,0.693097,53.898744,65.876890,0.005447,1.319849,0.684976,1.00e-04
16,1.000,1.000,85.494961,105.339976,0.005431,1.349588,0.694819,52.396401,63.941494,0.005490,1.377178,0.685354,1.00e-04
17,1.000,1.000,79.990349,98.411135,0.005457,1.398351,0.691961,49.946662,60.837320,0.005501,1.419168,0.685345,1.00e-04
18,1.000,1.000,79.066094,97.214455,0.005468,1.439983,0.690841,48.895764,59.483351,0.005531,1.459325,0.685990,1.00e-04
19,1.000,1.000,74.391738,91.335682,0.005512,1.475535,0.691769,48.077449,58.421980,0.005558,1.497768,0.686021,1.00e-04
20,1.000,1.000,72.624574,89.094322,0.005536,1.508016,0.691362,46.023447,55.825349,0.005587,1.526957,0.685657,1.00e-04
21,1.000,1.000,69.821398,85.558761,0.005561,1.539439,0.691931,45.361334,54.970992,0.005613,1.553514,0.686198,1.00e-04
22,1.000,1.000,66.819769,81.776829,0.005591,1.569472,0.691275,44.284306,53.595601,0.005648,1.582527,0.686423,1.00e-04
23,1.000,1.000,65.614639,80.246587,0.005625,1.592763,0.693294,42.768995,51.673490,0.005680,1.610458,0.686456,1.00e-04
24,1.000,1.000,61.293066,74.820188,0.005647,1.618098,0.689588,41.972679,50.659291,0.005698,1.629160,0.686792,1.00e-04
25,1.000,1.000,59.926542,73.092392,0.005681,1.637242,0.691445,40.358300,48.625928,0.005739,1.644636,0.686285,1.00e-04
26,1.000,1.000,57.572139,70.133900,0.005719,1.652410,0.692576,39.646684,47.716166,0.005769,1.664661,0.687036,1.00e-04
27,1.000,1.000,57.149991,69.589421,0.005749,1.668614,0.694813,39.025855,46.927159,0.005799,1.677586,0.687092,1.00e-04
28,1.000,1.000,55.378272,67.363830,0.005776,1.679892,0.693364,37.930402,45.548830,0.005831,1.686672,0.686674,1.00e-04
29,1.000,1.000,53.054971,64.450302,0.005808,1.689486,0.692464,37.482504,44.982299,0.005856,1.693234,0.686956,1.00e-04
30,1.000,1.000,51.745880,62.805885,0.005838,1.698205,0.689690,36.509935,43.753526,0.005895,1.706478,0.686065,1.00e-04
31,1.000,1.000,50.378872,61.089708,0.005873,1.705419,0.690354,35.693667,42.730152,0.005925,1.709596,0.685634,1.00e-04
32,1.000,1.000,48.259038,58.430380,0.005900,1.714697,0.691279,34.932876,41.768949,0.005950,1.719792,0.685616,1.00e-04
33,1.000,1.000,47.210959,57.112171,0.005929,1.723015,0.690335,34.980329,41.818850,0.005978,1.729189,0.685572,1.00e-04
34,1.000,1.000,46.758410,56.539752,0.005955,1.730201,0.688415,34.001343,40.588506,0.006006,1.735896,0.685079,1.00e-04
35,1.000,1.000,45.085404,54.440129,0.005989,1.737202,0.693740,33.455916,39.899499,0.006041,1.743046,0.685229,1.00e-04
36,1.000,1.000,43.901363,52.953430,0.006023,1.744549,0.690808,33.319308,39.723459,0.006070,1.748403,0.684812,1.00e-04
37,1.000,1.000,44.097941,53.194614,0.006044,1.748716,0.692207,32.297240,38.443107,0.006093,1.751263,0.684349,1.00e-04
38,1.000,1.000,41.823922,50.348172,0.006070,1.752740,0.691679,31.970712,38.028883,0.006118,1.757339,0.684193,1.00e-04
39,1.000,1.000,41.269791,49.650285,0.006100,1.757833,0.692078,31.516666,37.458364,0.006150,1.760332,0.683938,1.00e-04
40,1.000,1.000,40.871395,49.150527,0.006128,1.760136,0.689805,31.188240,37.045302,0.006177,1.762763,0.684220,1.00e-04
41,1.000,1.000,39.180569,47.034896,0.006158,1.762551,0.688418,30.723823,36.461142,0.006203,1.766346,0.684347,1.00e-04
42,1.000,1.000,38.729588,46.468151,0.006184,1.765112,0.690144,30.090619,35.668153,0.006228,1.767954,0.683747,1.00e-04
43,1.000,1.000,38.610731,46.316497,0.006205,1.768380,0.689324,29.622104,35.079701,0.006246,1.770642,0.684156,1.00e-04
44,1.000,1.000,36.965375,44.258237,0.006229,1.769657,0.690381,29.236876,34.597684,0.006277,1.771133,0.684003,1.00e-04
45,1.000,1.000,36.224859,43.332065,0.006257,1.770204,0.690181,28.802213,34.055036,0.006312,1.770460,0.683837,1.00e-04
46,1.000,1.000,35.740833,42.728905,0.006294,1.768323,0.690075,28.063849,33.132975,0.006341,1.769488,0.684025,1.00e-04
47,1.000,1.000,35.494524,42.421458,0.006323,1.768148,0.688903,27.938580,32.974864,0.006365,1.770937,0.684244,1.00e-04
48,1.000,1.000,34.275860,40.896267,0.006346,1.769795,0.689668,27.804506,32.805753,0.006393,1.772500,0.683940,1.00e-04
49,1.000,1.000,33.759674,40.248525,0.006374,1.772213,0.689914,27.368557,32.260034,0.006417,1.773404,0.683363,1.00e-04
50,1.000,1.000,33.226031,39.581001,0.006399,1.772613,0.690099,26.945086,31.730707,0.006447,1.773387,0.683262,1.00e-04
51,1.000,1.000,32.533757,38.714803,0.006427,1.773133,0.691329,26.708663,31.434359,0.006474,1.774133,0.683448,1.00e-04
52,1.000,1.000,32.013966,38.064346,0.006456,1.773982,0.690685,26.145955,30.728503,0.006503,1.776600,0.683350,1.00e-04
53,1.000,1.000,31.040586,36.848330,0.006485,1.774064,0.687410,25.966465,30.506587,0.006532,1.774222,0.682957,1.00e-04
54,1.000,1.000,30.499521,36.172124,0.006518,1.773327,0.689726,25.488584,29.907473,0.006563,1.775970,0.682893,1.00e-04
55,1.000,1.000,29.816910,35.315649,0.006550,1.776050,0.691552,24.749209,28.981842,0.006588,1.777425,0.682626,1.00e-04
56,1.000,1.000,29.393479,34.785817,0.006566,1.777072,0.689574,24.438210,28.591559,0.006610,1.778913,0.682710,1.00e-04
57,1.000,1.000,29.055564,34.361658,0.006592,1.778887,0.689268,24.227588,28.327027,0.006635,1.780045,0.683107,1.00e-04
58,1.000,1.000,28.162510,33.247070,0.006621,1.777021,0.689703,24.159459,28.246223,0.006658,1.775840,0.682405,1.00e-04
59,1.000,1.000,27.568698,32.508455,0.006641,1.773257,0.690078,23.388196,27.283086,0.006683,1.774880,0.682383,1.00e-04
60,1.000,1.000,27.622721,32.575579,0.006668,1.774192,0.687842,23.436406,27.341090,0.006711,1.777027,0.682707,1.00e-04
61,1.000,1.000,27.076951,31.889535,0.006696,1.777665,0.689169,23.099490,26.917282,0.006739,1.779691,0.682602,1.00e-04
62,1.000,1.000,26.459310,31.114227,0.006723,1.781204,0.687932,22.776533,26.508385,0.006763,1.784882,0.682544,1.00e-04
63,1.000,1.000,26.083854,30.641524,0.006746,1.784545,0.688012,22.799821,26.536338,0.006785,1.786070,0.682334,1.00e-04
64,1.000,1.000,25.521176,29.937752,0.006769,1.784902,0.688189,22.525533,26.194929,0.006810,1.784639,0.682152,1.00e-04
65,1.000,1.000,24.818400,29.063918,0.006797,1.779873,0.689649,21.959911,25.496170,0.006835,1.776501,0.681526,1.00e-04
66,1.000,1.000,24.646423,28.851995,0.006817,1.776389,0.691314,21.634884,25.086147,0.006855,1.780273,0.681317,1.00e-04
67,1.000,1.000,24.098713,28.160911,0.006837,1.783279,0.689454,21.590572,25.021601,0.006876,1.789358,0.681520,1.00e-04
68,1.000,1.000,23.991485,28.015565,0.006859,1.794422,0.690041,21.298199,24.646430,0.006898,1.799052,0.681468,1.00e-04
69,1.000,1.000,23.328373,27.185520,0.006879,1.795617,0.689799,20.865785,24.112823,0.006922,1.792189,0.681188,1.00e-04
70,1.000,1.000,23.100721,26.910722,0.006906,1.786071,0.688802,20.609962,23.802471,0.006948,1.782824,0.680833,1.00e-04
71,1.000,1.000,22.680267,26.391206,0.006934,1.779741,0.689807,20.268848,23.381242,0.006970,1.777658,0.680759,1.00e-04
72,1.000,1.000,22.346385,25.977849,0.006954,1.775907,0.689085,20.236566,23.338566,0.006995,1.780018,0.680511,1.00e-04
73,1.000,1.000,22.075942,25.634412,0.006978,1.780991,0.690186,19.874712,22.884347,0.007016,1.781963,0.680254,1.00e-04
74,1.000,1.000,21.664279,25.118232,0.007000,1.782644,0.689886,19.557831,22.483994,0.007037,1.786291,0.679869,1.00e-04
75,1.000,1.000,21.219971,24.556416,0.007019,1.788871,0.690628,19.449623,22.341913,0.007059,1.793125,0.679726,1.00e-04
76,1.000,1.000,20.955722,24.223078,0.007045,1.792500,0.688117,19.008087,21.789182,0.007081,1.793955,0.679560,1.00e-04
77,1.000,1.000,20.586775,23.762931,0.007062,1.791274,0.688804,18.905759,21.666250,0.007098,1.788924,0.679703,1.00e-04
78,1.000,1.000,20.474443,23.627839,0.007082,1.785530,0.690411,18.682857,21.393279,0.007117,1.783322,0.679408,1.00e-04
79,1.000,1.000,19.759259,22.743068,0.007104,1.776368,0.690136,18.416138,21.071036,0.007143,1.772120,0.679497,1.00e-04
80,1.000,1.000,19.680671,22.647447,0.007129,1.773899,0.689456,18.206851,20.799145,0.007164,1.782387,0.679470,1.00e-04
81,1.000,1.000,19.219953,22.065555,0.007146,1.779867,0.689484,18.028385,20.583536,0.007180,1.774851,0.679651,1.00e-04
82,1.000,1.000,19.258917,22.123157,0.007163,1.771162,0.688653,17.793779,20.296628,0.007200,1.768447,0.679792,1.00e-04
83,1.000,1.000,18.691421,21.418318,0.007184,1.766910,0.687457,17.547608,19.990016,0.007219,1.767460,0.679261,1.00e-04
84,1.000,1.000,18.492875,21.171033,0.007202,1.765539,0.689283,17.300125,19.680196,0.007239,1.767922,0.679189,1.00e-04
85,1.000,1.000,18.212759,20.818441,0.007225,1.768253,0.688117,17.217648,19.575229,0.007259,1.769775,0.679191,1.00e-04
86,1.000,1.000,18.186201,20.788195,0.007243,1.764996,0.689264,17.006302,19.314205,0.007278,1.766674,0.678882,1.00e-04
87,1.000,1.000,17.696233,20.176441,0.007263,1.764800,0.687148,16.803318,19.059914,0.007298,1.767210,0.678901,1.00e-04
88,1.000,1.000,17.534083,19.972883,0.007282,1.765557,0.687521,16.962327,19.257500,0.007316,1.768428,0.678663,1.00e-04
89,1.000,1.000,17.280838,19.656421,0.007299,1.765361,0.687864,16.343035,18.486187,0.007331,1.765697,0.678309,1.00e-04
90,1.000,1.000,17.094853,19.428338,0.007316,1.761014,0.687590,16.297063,18.437464,0.007347,1.757008,0.678038,1.00e-04
91,1.000,1.000,16.706263,18.948201,0.007332,1.755173,0.688490,16.117631,18.213367,0.007368,1.756782,0.678088,1.00e-04
92,1.000,1.000,16.509861,18.701687,0.007355,1.756136,0.688593,16.006588,18.069326,0.007386,1.761930,0.678372,1.00e-04
93,1.000,1.000,16.440845,18.606948,0.007373,1.765013,0.686891,15.955267,17.997107,0.007402,1.769985,0.678361,1.00e-04
94,1.000,1.000,16.186102,18.289512,0.007386,1.763801,0.687717,15.515423,17.457484,0.007418,1.759771,0.678416,1.00e-04
95,1.000,1.000,16.143946,18.236988,0.007405,1.763443,0.688385,15.453679,17.370032,0.007433,1.770068,0.678259,1.00e-04
96,1.000,1.000,15.970289,18.013401,0.007417,1.770474,0.686277,15.173056,17.019594,0.007448,1.769669,0.678437,1.00e-04
97,1.000,1.000,15.715772,17.696791,0.007434,1.768716,0.687094,15.138488,16.977421,0.007466,1.768658,0.678261,1.00e-04
98,1.000,1.000,15.504571,17.436760,0.007452,1.764437,0.688260,14.986058,16.793309,0.007484,1.762241,0.678157,1.00e-04
99,1.000,1.000,15.220807,17.087899,0.007470,1.758952,0.686751,14.767969,16.525991,0.007500,1.756995,0.677903,1.00e-04
100,1.000,1.000,15.210343,17.081505,0.007484,1.752303,0.686544,14.850029,16.634514,0.007518,1.751058,0.677791,1.00e-04
101,1.000,1.000,14.899933,16.689911,0.007505,1.754946,0.690216,14.540520,16.237711,0.007533,1.760935,0.677880,1.00e-04
102,1.000,1.000,14.681001,16.413504,0.007518,1.758337,0.687561,14.392693,16.060654,0.007550,1.753352,0.677238,1.00e-04
103,1.000,1.000,14.515623,16.215148,0.007535,1.749829,0.688066,14.347677,16.005092,0.007566,1.752604,0.677334,1.00e-04
104,1.000,1.000,14.307415,15.955334,0.007550,1.750038,0.685388,14.242955,15.878186,0.007580,1.748578,0.677402,1.00e-04
105,1.000,1.000,14.204941,15.829356,0.007562,1.746821,0.689747,13.985273,15.554891,0.007594,1.749696,0.677635,1.00e-04
106,1.000,1.000,13.911963,15.458258,0.007578,1.752215,0.687608,13.813000,15.333403,0.007609,1.755831,0.677626,1.00e-04
107,1.000,1.000,13.908528,15.453288,0.007593,1.752916,0.687447,13.735806,15.239385,0.007625,1.753363,0.677539,1.00e-04
108,1.000,1.000,13.787837,15.308218,0.007611,1.747175,0.687164,13.710085,15.218803,0.007640,1.741752,0.677646,1.00e-04
109,1.000,1.000,13.628476,15.115807,0.007626,1.740025,0.688543,13.630371,15.115700,0.007653,1.745220,0.677557,1.00e-04
110,1.000,1.000,13.549526,15.012692,0.007637,1.744430,0.688593,13.456321,14.891278,0.007666,1.752034,0.677698,1.00e-04
111,1.000,1.000,13.264874,14.652149,0.007651,1.749278,0.688056,13.388597,14.813704,0.007680,1.744985,0.677509,1.00e-04
112,1.000,1.000,13.234304,14.623216,0.007667,1.740496,0.686005,13.314651,14.726020,0.007695,1.740241,0.677429,1.00e-04
113,1.000,1.000,13.138319,14.509991,0.007682,1.733882,0.685370,13.069310,14.428537,0.007710,1.731048,0.677370,1.00e-04
114,1.000,1.000,12.919214,14.238894,0.007697,1.730599,0.687311,13.019788,14.362521,0.007723,1.735118,0.677492,1.00e-04
115,1.000,1.000,12.774022,14.054190,0.007709,1.733565,0.688249,12.901214,14.213780,0.007735,1.735624,0.677514,1.00e-04
116,1.000,1.000,12.660045,13.911912,0.007721,1.732574,0.691399,12.870948,14.177811,0.007750,1.733616,0.678027,1.00e-04
117,1.000,1.000,12.543750,13.769753,0.007736,1.730672,0.686101,12.709448,13.973352,0.007764,1.736434,0.677042,1.00e-04
118,1.000,1.000,12.428138,13.624441,0.007752,1.730343,0.690544,12.581287,13.819981,0.007777,1.729641,0.676842,1.00e-04
119,1.000,1.000,12.293764,13.459609,0.007761,1.727199,0.690542,12.405430,13.600436,0.007789,1.729334,0.676916,1.00e-04
120,1.000,1.000,12.198207,13.341225,0.007775,1.726901,0.687434,12.301630,13.467237,0.007801,1.732731,0.677067,1.00e-04
121,1.000,1.000,12.141676,13.269012,0.007786,1.728545,0.687011,12.381664,13.578701,0.007815,1.721335,0.676909,1.00e-04
122,1.000,1.000,11.978527,13.079543,0.007800,1.714172,0.686574,12.201473,13.359035,0.007828,1.715728,0.676995,1.00e-04
123,1.000,1.000,11.879021,12.956335,0.007815,1.712191,0.689739,12.167153,13.318733,0.007841,1.713127,0.676955,1.00e-04
124,1.000,1.000,11.845811,12.916608,0.007828,1.711622,0.684816,12.108775,13.243887,0.007855,1.714953,0.677092,1.00e-04
125,1.000,1.000,11.668928,12.691724,0.007841,1.714743,0.687411,11.958081,13.047718,0.007867,1.722730,0.677148,1.00e-04
126,1.000,1.000,11.591869,12.587444,0.007856,1.722399,0.688546,11.962223,13.053924,0.007878,1.721599,0.677508,1.00e-04
127,1.000,1.000,11.626578,12.634611,0.007864,1.718808,0.687754,11.862784,12.927204,0.007888,1.723989,0.677597,1.00e-04
128,1.000,1.000,11.425742,12.381358,0.007874,1.721183,0.687051,11.784830,12.832785,0.007898,1.720973,0.677526,1.00e-04
129,1.000,1.000,11.320519,12.253843,0.007883,1.716596,0.689308,11.636319,12.654595,0.007910,1.713496,0.677592,1.00e-04
130,1.000,1.000,11.174715,12.079916,0.007897,1.708249,0.689330,11.566413,12.568064,0.007923,1.712619,0.677640,1.00e-04
131,1.000,1.000,11.123334,12.014627,0.007910,1.710028,0.686406,11.540390,12.537971,0.007936,1.710139,0.677766,1.00e-04
132,1.000,1.000,11.092439,11.979791,0.007921,1.706097,0.686955,11.455791,12.433042,0.007947,1.709267,0.677931,1.00e-04
133,1.000,1.000,10.961629,11.817560,0.007933,1.705230,0.685250,11.347341,12.299215,0.007958,1.707536,0.677867,1.00e-04
134,1.000,1.000,10.868339,11.703399,0.007943,1.702548,0.686131,11.396330,12.366223,0.007970,1.701764,0.677818,1.00e-04
135,1.000,1.000,10.826438,11.659140,0.007956,1.694369,0.686334,11.291159,12.244580,0.007982,1.691872,0.678063,1.00e-04
136,1.000,1.000,10.772182,11.593252,0.007968,1.692222,0.687143,11.313085,12.264399,0.007993,1.699452,0.678048,1.00e-04
137,1.000,1.000,10.687891,11.479720,0.007980,1.700443,0.686882,11.081946,11.964305,0.008004,1.710588,0.678144,1.00e-04
138,1.000,1.000,10.559266,11.316040,0.007991,1.703416,0.686536,11.102466,11.998566,0.008014,1.701877,0.678497,1.00e-04
139,1.000,1.000,10.513652,11.267106,0.008003,1.695340,0.686462,10.979973,11.848422,0.008025,1.698985,0.678137,1.00e-04
140,1.000,1.000,10.415877,11.152498,0.008011,1.687648,0.686759,10.985120,11.868684,0.008037,1.685190,0.677953,1.00e-04
141,1.000,1.000,10.346939,11.072527,0.008024,1.681207,0.687658,10.806089,11.644273,0.008048,1.685743,0.678186,1.00e-04
142,1.000,1.000,10.293046,11.003732,0.008035,1.682492,0.688196,10.795358,11.632797,0.008058,1.683832,0.678040,1.00e-04
143,1.000,1.000,10.187807,10.882225,0.008044,1.672914,0.686302,10.765540,11.605332,0.008069,1.673975,0.678192,1.00e-04
144,1.000,1.000,10.146537,10.828971,0.008055,1.674646,0.685994,10.680878,11.487865,0.008080,1.685502,0.678602,1.00e-04
145,1.000,1.000,10.085610,10.744886,0.008067,1.682656,0.685610,10.715389,11.531453,0.008090,1.685100,0.678371,1.00e-04
146,1.000,1.000,10.034027,10.685389,0.008078,1.677146,0.687681,10.577731,11.369434,0.008100,1.674999,0.678522,1.00e-04
147,1.000,1.000,9.923420,10.558580,0.008087,1.665922,0.686739,10.547714,11.342602,0.008110,1.664260,0.678679,1.00e-04
148,1.000,1.000,9.900702,10.534702,0.008096,1.661525,0.686216,10.586975,11.382654,0.008120,1.673317,0.678506,1.00e-04
149,1.000,1.000,9.838681,10.444609,0.008106,1.674248,0.685548,10.460085,11.216802,0.008130,1.680486,0.678749,1.00e-04
150,1.000,1.000,9.761619,10.354360,0.008115,1.667882,0.686665,10.396299,11.151787,0.008140,1.665800,0.678586,1.00e-04
151,1.000,1.000,9.716444,10.305489,0.008127,1.660119,0.687280,10.413960,11.173972,0.008149,1.665741,0.678352,1.00e-04
152,1.000,1.000,9.659077,10.235292,0.008136,1.658595,0.687292,10.241000,10.964323,0.008159,1.659174,0.678379,1.00e-04
153,1.000,1.000,9.611679,10.179736,0.008144,1.654702,0.688068,10.242269,10.965276,0.008168,1.659785,0.678429,1.00e-04
154,1.000,1.000,9.523391,10.068023,0.008156,1.655975,0.688339,10.194039,10.903708,0.008177,1.661063,0.678403,1.00e-04
155,1.000,1.000,9.510404,10.052211,0.008164,1.655930,0.686798,10.116204,10.809564,0.008187,1.657824,0.678722,1.00e-04
156,1.000,1.000,9.455194,9.987684,0.008174,1.651253,0.687524,10.145888,10.850009,0.008196,1.654553,0.678408,1.00e-04
157,1.000,1.000,9.392539,9.912908,0.008184,1.648073,0.686037,10.072163,10.758229,0.008205,1.654184,0.678343,1.00e-04
158,1.000,1.000,9.354546,9.863420,0.008193,1.650330,0.684955,9.939845,10.590563,0.008215,1.656401,0.678508,1.00e-04
159,1.000,1.000,9.276789,9.765647,0.008201,1.650949,0.684756,10.012540,10.684639,0.008224,1.653139,0.678691,1.00e-04
160,1.000,1.000,9.266081,9.760077,0.008212,1.642203,0.688437,9.848377,10.495322,0.008234,1.637172,0.678975,1.00e-04
161,1.000,1.000,9.170654,9.649383,0.008222,1.634162,0.686202,9.857073,10.501941,0.008242,1.641464,0.678775,1.00e-04
162,1.000,1.000,9.101927,9.560655,0.008230,1.637095,0.685715,9.770293,10.398491,0.008251,1.636430,0.678777,1.00e-04
163,1.000,1.000,9.063266,9.521690,0.008239,1.627313,0.687362,9.787413,10.428164,0.008260,1.628055,0.679149,1.00e-04
164,1.000,1.000,9.025580,9.479430,0.008247,1.623114,0.684737,9.756653,10.388996,0.008270,1.628720,0.679322,1.00e-04
165,1.000,1.000,9.005363,9.451089,0.008258,1.625873,0.685936,9.704156,10.322359,0.008279,1.629699,0.679433,1.00e-04
166,1.000,1.000,8.983514,9.425955,0.008267,1.623741,0.685716,9.699901,10.317267,0.008288,1.629493,0.679314,1.00e-04
167,1.000,1.000,8.891058,9.311695,0.008275,1.622748,0.684418,9.619003,10.220077,0.008297,1.625626,0.679012,1.00e-04
168,1.000,1.000,8.827665,9.237024,0.008284,1.617868,0.685617,9.567920,10.161480,0.008306,1.620327,0.679144,1.00e-04
169,1.000,1.000,8.805816,9.210254,0.008294,1.617071,0.686604,9.515043,10.093432,0.008315,1.622302,0.679019,1.00e-04
170,1.000,1.000,8.777985,9.175220,0.008303,1.617319,0.686556,9.440329,10.002157,0.008323,1.620138,0.679173,1.00e-04
171,1.000,1.000,8.775249,9.175520,0.008312,1.613575,0.686621,9.458240,10.025124,0.008332,1.619559,0.679136,1.00e-04
172,1.000,1.000,8.704668,9.087950,0.008320,1.612742,0.687290,9.418767,9.979593,0.008341,1.615636,0.679553,1.00e-04
173,1.000,1.000,8.667529,9.044402,0.008328,1.610155,0.686103,9.333681,9.876368,0.008349,1.612487,0.679590,1.00e-04
174,1.000,1.000,8.622583,8.995107,0.008336,1.602348,0.689753,9.355996,9.912824,0.008358,1.603861,0.679801,1.00e-04
175,1.000,1.000,8.557595,8.922245,0.008347,1.594579,0.687291,9.312668,9.862617,0.008367,1.599957,0.679573,1.00e-04
176,1.000,1.000,8.523014,8.878253,0.008354,1.595666,0.685978,9.249315,9.784451,0.008375,1.598915,0.679611,1.00e-04
177,1.000,1.000,8.504108,8.859182,0.008362,1.591538,0.684211,9.331127,9.887492,0.008384,1.598103,0.679721,1.00e-04
178,1.000,1.000,8.448433,8.788691,0.008372,1.591839,0.686556,9.207223,9.733910,0.008392,1.596730,0.679985,1.00e-04
179,1.000,1.000,8.402373,8.730808,0.008380,1.592583,0.684782,9.149508,9.657315,0.008400,1.601141,0.680113,1.00e-04
180,1.000,1.000,8.373522,8.695655,0.008387,1.590648,0.688849,9.130688,9.644400,0.008408,1.590485,0.680266,1.00e-04
181,1.000,1.000,8.345380,8.670851,0.008396,1.580678,0.687201,9.077674,9.585281,0.008417,1.583223,0.680691,1.00e-04
182,1.000,1.000,8.319496,8.638003,0.008405,1.580660,0.689211,9.098518,9.603629,0.008425,1.590860,0.680939,1.00e-04
183,1.000,1.000,8.268258,8.573237,0.008413,1.582434,0.684955,9.090875,9.597156,0.008432,1.587823,0.680731,1.00e-04
184,1.000,1.000,8.233500,8.530162,0.008420,1.582152,0.684564,9.005628,9.490617,0.008440,1.587860,0.680473,1.00e-04
185,1.000,1.000,8.208864,8.504380,0.008428,1.576512,0.687036,8.985231,9.473431,0.008448,1.579537,0.680494,1.00e-04
186,1.000,1.000,8.149550,8.436362,0.008436,1.570963,0.684707,8.901056,9.376126,0.008456,1.571511,0.680907,1.00e-04
187,1.000,1.000,8.137322,8.426630,0.008444,1.564838,0.686961,8.976819,9.468977,0.008464,1.573460,0.680491,1.00e-04
188,1.000,1.000,8.099633,8.375997,0.008453,1.568803,0.685153,8.896399,9.364488,0.008472,1.577353,0.680741,1.00e-04
189,1.000,1.000,8.069614,8.340867,0.008459,1.565669,0.688088,8.858970,9.320520,0.008479,1.574595,0.680474,1.00e-04
190,1.000,1.000,8.022340,8.282324,0.008468,1.565717,0.685662,8.809937,9.261613,0.008487,1.572237,0.680335,1.00e-04
191,1.000,1.000,8.016511,8.278070,0.008475,1.562742,0.685404,8.805918,9.259880,0.008495,1.568971,0.680207,1.00e-04
192,1.000,1.000,7.960114,8.213569,0.008483,1.556700,0.685562,8.783005,9.241378,0.008502,1.558724,0.680607,1.00e-04
193,1.000,1.000,7.936674,8.188654,0.008490,1.552329,0.685473,8.744480,9.189530,0.008510,1.562415,0.680582,1.00e-04
194,1.000,1.000,7.895478,8.137193,0.008499,1.552584,0.684292,8.708269,9.149006,0.008518,1.557670,0.680566,1.00e-04
195,1.000,1.000,7.875999,8.119687,0.008508,1.545626,0.684706,8.727564,9.179694,0.008525,1.551081,0.680619,1.00e-04
196,1.000,1.000,7.855107,8.095603,0.008514,1.542945,0.687284,8.627879,9.055239,0.008533,1.550815,0.681047,1.00e-04
197,1.000,1.000,7.824559,8.060494,0.008521,1.539857,0.687307,8.560480,8.976939,0.008539,1.544956,0.680661,1.00e-04
198,1.000,1.000,7.782036,8.012236,0.008528,1.535355,0.685705,8.583191,9.006706,0.008546,1.543550,0.680748,1.00e-04
199,1.000,1.000,7.741391,7.957466,0.008534,1.539193,0.686180,8.517480,8.919645,0.008553,1.548494,0.680633,1.00e-04
200,1.000,1.000,7.744638,7.963555,0.008541,1.537801,0.683603,8.612225,9.046032,0.008560,1.540503,0.680744,1.00e-04
201,1.000,1.000,7.729043,7.948271,0.008549,1.532886,0.686390,8.589168,9.017377,0.008567,1.540302,0.680854,1.00e-04
202,1.000,1.000,7.688479,7.897514,0.008553,1.533039,0.685971,8.558177,8.977783,0.008573,1.541235,0.680521,1.00e-04
203,1.000,1.000,7.644737,7.850040,0.008561,1.525954,0.685465,8.501758,8.922023,0.008580,1.526379,0.680859,1.00e-04
204,1.000,1.000,7.619014,7.826574,0.008568,1.517337,0.685152,8.458698,8.865944,0.008587,1.528576,0.681060,1.00e-04
205,1.000,1.000,7.599810,7.796175,0.008577,1.523420,0.686358,8.420942,8.815847,0.008594,1.531454,0.681126,1.00e-04
206,1.000,1.000,7.574432,7.766909,0.008584,1.520949,0.686388,8.387323,8.778476,0.008601,1.526891,0.680742,1.00e-04
207,1.000,1.000,7.520402,7.705249,0.008589,1.515090,0.686295,8.362450,8.755333,0.008607,1.518878,0.680977,1.00e-04
208,1.000,1.000,7.527848,7.716360,0.008597,1.513551,0.685209,8.371076,8.758633,0.008614,1.526403,0.680779,1.00e-04
209,1.000,1.000,7.493302,7.669553,0.008602,1.517401,0.684289,8.368929,8.761252,0.008620,1.521034,0.681019,1.00e-04
210,1.000,1.000,7.454825,7.630106,0.008608,1.508356,0.685844,8.370069,8.769942,0.008626,1.513711,0.681229,1.00e-04
211,1.000,1.000,7.433993,7.608060,0.008616,1.504631,0.684735,8.318752,8.706196,0.008633,1.513297,0.681258,1.00e-04
212,1.000,1.000,7.431033,7.606170,0.008622,1.502335,0.686660,8.229319,8.594948,0.008640,1.512747,0.681254,1.00e-04
213,1.000,1.000,7.405450,7.574961,0.008630,1.501740,0.685925,8.280139,8.665371,0.008647,1.505777,0.681516,1.00e-04
214,1.000,1.000,7.404075,7.576419,0.008635,1.499030,0.684038,8.218813,8.585653,0.008653,1.508841,0.681478,1.00e-04
215,1.000,1.000,7.362937,7.525528,0.008642,1.498179,0.685286,8.226468,8.600155,0.008659,1.503983,0.681150,1.00e-04
216,1.000,1.000,7.334362,7.494575,0.008648,1.493836,0.683579,8.134164,8.486277,0.008666,1.502499,0.681053,1.00e-04
217,1.000,1.000,7.305088,7.463507,0.008655,1.488488,0.682841,8.190876,8.564268,0.008672,1.495317,0.681350,1.00e-04
218,1.000,1.000,7.273175,7.429833,0.008662,1.481558,0.685662,8.129019,8.492713,0.008679,1.489422,0.681838,1.00e-04
219,1.000,1.000,7.254976,7.409742,0.008668,1.478951,0.685430,8.159471,8.529827,0.008686,1.490504,0.681288,1.00e-04
220,1.000,1.000,7.236341,7.384117,0.008675,1.481539,0.684384,8.098887,8.451346,0.008692,1.493274,0.681184,1.00e-04
221,1.000,1.000,7.188412,7.327509,0.008683,1.478450,0.683493,8.056818,8.407183,0.008699,1.484803,0.681352,1.00e-04
222,1.000,1.000,7.167666,7.304061,0.008688,1.475699,0.684531,8.080276,8.435700,0.008705,1.485565,0.681498,1.00e-04
223,1.000,1.000,7.143360,7.280684,0.008695,1.468553,0.685074,7.975763,8.317629,0.008712,1.472900,0.681850,1.00e-04
224,1.000,1.000,7.110554,7.247477,0.008701,1.460589,0.685698,8.024411,8.379482,0.008719,1.471935,0.681511,1.00e-04
225,1.000,1.000,7.109266,7.242405,0.008708,1.464333,0.684542,7.986259,8.324849,0.008726,1.478969,0.681118,1.00e-04
226,1.000,1.000,7.086146,7.208705,0.008716,1.469127,0.684537,7.975011,8.310095,0.008732,1.479690,0.680983,1.00e-04
227,1.000,1.000,7.075897,7.202170,0.008722,1.462878,0.684406,7.868648,8.190731,0.008739,1.466035,0.681219,1.00e-04
228,1.000,1.000,7.019250,7.141531,0.008729,1.452915,0.683546,7.878380,8.209458,0.008745,1.459501,0.681078,1.00e-04
229,1.000,1.000,7.006031,7.126733,0.008735,1.450815,0.685019,7.886918,8.217616,0.008752,1.461931,0.681397,1.00e-04
230,1.000,1.000,7.006823,7.125060,0.008741,1.453563,0.684663,7.853162,8.171769,0.008758,1.465537,0.681550,1.00e-04
231,1.000,1.000,6.966498,7.073253,0.008749,1.454871,0.684997,7.864409,8.189193,0.008764,1.462222,0.681326,1.00e-04
232,1.000,1.000,6.933331,7.041581,0.008755,1.445312,0.684058,7.813592,8.136250,0.008771,1.451586,0.681531,1.00e-04
233,1.000,1.000,6.905082,7.010162,0.008761,1.440709,0.686882,7.782743,8.099304,0.008777,1.449944,0.681614,1.00e-04
234,1.000,1.000,6.895095,6.996663,0.008765,1.442567,0.683490,7.771622,8.082528,0.008783,1.452759,0.681834,1.00e-04
235,1.000,1.000,6.865221,6.958900,0.008772,1.442752,0.684409,7.781446,8.099081,0.008789,1.448504,0.681736,1.00e-04
236,1.000,1.000,6.843123,6.937790,0.008777,1.436053,0.685133,7.751800,8.065450,0.008795,1.444897,0.682427,1.00e-04
237,1.000,1.000,6.837204,6.928189,0.008784,1.438695,0.683345,7.738817,8.042922,0.008801,1.451260,0.682154,1.00e-04
238,1.000,1.000,6.812240,6.898004,0.008790,1.437597,0.683632,7.698678,8.002896,0.008806,1.441120,0.682101,1.00e-04
239,1.000,1.000,6.802175,6.895630,0.008795,1.427268,0.684099,7.688942,7.993181,0.008812,1.438788,0.681584,1.00e-04
240,1.000,1.000,6.770156,6.855844,0.008802,1.427049,0.684004,7.653962,7.951591,0.008817,1.436714,0.681321,1.00e-04
241,1.000,1.000,6.735880,6.815985,0.008807,1.423750,0.685232,7.678964,7.983180,0.008823,1.436373,0.681316,1.00e-04
242,1.000,1.000,6.726431,6.803149,0.008812,1.425308,0.683081,7.627927,7.915991,0.008828,1.439740,0.681401,1.00e-04
243,1.000,1.000,6.715421,6.787468,0.008818,1.426399,0.686366,7.613577,7.904776,0.008834,1.432877,0.681938,1.00e-04
244,1.000,1.000,6.712330,6.788884,0.008823,1.421793,0.683647,7.572696,7.853277,0.008839,1.433411,0.681372,1.00e-04
245,1.000,1.000,6.679320,6.747432,0.008829,1.421721,0.684672,7.568456,7.848999,0.008845,1.432392,0.681336,1.00e-04
246,1.000,1.000,6.636647,6.695812,0.008836,1.420278,0.683529,7.615644,7.905168,0.008850,1.435151,0.681539,1.00e-04
247,1.000,1.000,6.637666,6.698221,0.008841,1.419337,0.682734,7.533250,7.808074,0.008856,1.429217,0.681661,1.00e-04
248,1.000,1.000,6.612466,6.668125,0.008847,1.417926,0.682737,7.532651,7.808310,0.008862,1.428230,0.681651,1.00e-04
249,1.000,1.000,6.588224,6.638531,0.008852,1.417193,0.682816,7.489022,7.753335,0.008867,1.428748,0.681311,1.00e-04
250,1.000,1.000,6.580849,6.631397,0.008857,1.415197,0.682442,7.477953,7.742549,0.008872,1.425742,0.681109,1.00e-04
251,1.000,1.000,6.544391,6.588893,0.008862,1.412056,0.682710,7.439943,7.698725,0.008877,1.422092,0.680938,1.00e-04
252,1.000,1.000,6.534477,6.579715,0.008866,1.409061,0.681813,7.419079,7.673589,0.008882,1.421094,0.681137,1.00e-04
253,1.000,1.000,6.515961,6.555150,0.008871,1.409975,0.683819,7.418598,7.669525,0.008887,1.424480,0.681424,1.00e-04
254,1.000,1.000,6.484610,6.513246,0.008878,1.412682,0.683825,7.391071,7.637084,0.008893,1.422534,0.681315,1.00e-04
255,1.000,1.000,6.480236,6.513260,0.008883,1.407359,0.683174,7.378606,7.628599,0.008898,1.415417,0.681372,1.00e-04
256,1.000,1.000,6.465450,6.501539,0.008890,1.400508,0.683501,7.413902,7.673431,0.008904,1.414781,0.681044,1.00e-04
257,1.000,1.000,6.458845,6.491055,0.008893,1.402966,0.682570,7.345818,7.588201,0.008910,1.415036,0.680506,1.00e-04
258,1.000,1.000,6.442066,6.472013,0.008900,1.401321,0.681389,7.335856,7.578959,0.008915,1.411800,0.680584,1.00e-04
259,1.000,1.000,6.426894,6.454442,0.008906,1.399825,0.681781,7.282864,7.510452,0.008920,1.414182,0.680100,1.00e-04
260,1.000,1.000,6.399081,6.416118,0.008912,1.402871,0.683798,7.332994,7.574962,0.008926,1.412259,0.680375,1.00e-04
261,1.000,1.000,6.376342,6.392200,0.008917,1.398149,0.684645,7.324166,7.568504,0.008932,1.407659,0.680449,1.00e-04
262,1.000,1.000,6.349449,6.360643,0.008923,1.396508,0.682953,7.278438,7.506663,0.008937,1.412382,0.680262,1.00e-04
263,1.000,1.000,6.349792,6.361836,0.008929,1.395636,0.683356,7.248059,7.477986,0.008942,1.403138,0.680028,1.00e-04
264,1.000,1.000,6.334172,6.348417,0.008932,1.389611,0.683016,7.241722,7.469662,0.008947,1.403524,0.680082,1.00e-04
265,1.000,1.000,6.301465,6.304519,0.008938,1.392754,0.682480,7.227115,7.447858,0.008953,1.407073,0.680038,1.00e-04
266,1.000,1.000,6.283400,6.283762,0.008944,1.391131,0.681652,7.220589,7.442995,0.008958,1.403827,0.679828,1.00e-04
267,1.000,1.000,6.273266,6.275048,0.008949,1.387141,0.681778,7.172249,7.389027,0.008963,1.397348,0.679890,1.00e-04
268,1.000,1.000,6.254281,6.252390,0.008954,1.385625,0.683526,7.161949,7.372328,0.008968,1.401155,0.679939,1.00e-04
269,1.000,1.000,6.255050,6.249415,0.008959,1.389861,0.682312,7.124934,7.326746,0.008974,1.400406,0.680161,1.00e-04
270,1.000,1.000,6.232445,6.224836,0.008964,1.386150,0.682422,7.124700,7.330321,0.008979,1.396573,0.680006,1.00e-04
271,1.000,1.000,6.202888,6.190426,0.008971,1.383498,0.682856,7.148761,7.363718,0.008984,1.393291,0.679832,1.00e-04
272,1.000,1.000,6.173133,6.157968,0.008975,1.379044,0.681718,7.078415,7.276065,0.008989,1.393110,0.679418,1.00e-04
273,1.000,1.000,6.156184,6.137782,0.008980,1.378128,0.681365,7.062395,7.259404,0.008994,1.389766,0.679321,1.00e-04
274,1.000,1.000,6.159208,6.141482,0.008984,1.378152,0.681565,7.063947,7.262193,0.008999,1.388914,0.679312,1.00e-04
275,1.000,1.000,6.143089,6.124463,0.008989,1.375099,0.681244,7.079883,7.283721,0.009004,1.387264,0.679462,1.00e-04
276,1.000,1.000,6.111525,6.086202,0.008995,1.374082,0.680506,7.040458,7.233548,0.009009,1.388089,0.679706,1.00e-04
277,1.000,1.000,6.102391,6.074952,0.009000,1.373543,0.681974,7.022453,7.213633,0.009014,1.385553,0.679460,1.00e-04
278,1.000,1.000,6.077829,6.047944,0.009005,1.369587,0.683000,6.991106,7.179386,0.009019,1.380517,0.679839,1.00e-04
279,1.000,1.000,6.065515,6.034662,0.009009,1.367842,0.681524,6.982109,7.164314,0.009024,1.384496,0.679206,1.00e-04
280,1.000,1.000,6.043282,6.004573,0.009016,1.370333,0.680722,6.949895,7.127260,0.009030,1.381310,0.679072,1.00e-04
281,1.000,1.000,6.042608,6.007436,0.009021,1.366501,0.681210,6.906870,7.072952,0.009035,1.381866,0.678939,1.00e-04
282,1.000,1.000,6.018328,5.978237,0.009026,1.365437,0.680837,6.930762,7.107349,0.009040,1.377334,0.678913,1.00e-04
283,1.000,1.000,5.998557,5.955399,0.009031,1.363241,0.682100,6.911813,7.082802,0.009045,1.378218,0.678805,1.00e-04
284,1.000,1.000,5.996831,5.955497,0.009036,1.361212,0.681177,6.903641,7.077453,0.009050,1.373287,0.679041,1.00e-04
285,1.000,1.000,5.973595,5.928048,0.009040,1.359567,0.681352,6.878972,7.047688,0.009055,1.372055,0.679667,1.00e-04
286,1.000,1.000,5.959560,5.909693,0.009046,1.360214,0.681989,6.844116,7.003611,0.009060,1.372573,0.679603,1.00e-04
287,1.000,1.000,5.920276,5.863594,0.009051,1.357235,0.681858,6.830662,6.991977,0.009065,1.367473,0.679248,1.00e-04
288,1.000,1.000,5.921236,5.870960,0.009056,1.350909,0.682481,6.815033,6.975647,0.009070,1.364298,0.679105,1.00e-04
289,1.000,1.000,5.912755,5.859516,0.009060,1.351994,0.681496,6.782420,6.931645,0.009074,1.367545,0.679044,1.00e-04
290,1.000,1.000,5.897059,5.838970,0.009066,1.352490,0.683191,6.824672,6.988013,0.009079,1.363966,0.679126,1.00e-04
291,1.000,1.000,5.882672,5.824825,0.009071,1.349484,0.679841,6.797162,6.955642,0.009084,1.361899,0.679309,1.00e-04
292,1.000,1.000,5.854332,5.789972,0.009076,1.348379,0.681953,6.754402,6.901548,0.009089,1.362593,0.679095,1.00e-04
293,1.000,1.000,5.855518,5.793064,0.009081,1.346962,0.681163,6.773451,6.927188,0.009094,1.360771,0.679044,1.00e-04
294,1.000,1.000,5.834735,5.765897,0.009085,1.348094,0.681368,6.742543,6.887275,0.009098,1.362013,0.679172,1.00e-04
295,1.000,1.000,5.815556,5.743439,0.009090,1.346611,0.681217,6.718197,6.858111,0.009103,1.360853,0.678717,1.00e-04
296,1.000,1.000,5.818377,5.747262,0.009095,1.346305,0.681237,6.712748,6.853563,0.009108,1.358553,0.678843,1.00e-04
297,1.000,1.000,5.790979,5.714437,0.009100,1.344851,0.681344,6.680995,6.815132,0.009113,1.357277,0.678889,1.00e-04
298,1.000,1.000,5.771793,5.692154,0.009104,1.343486,0.679989,6.694453,6.830759,0.009117,1.358568,0.678488,1.00e-04
299,1.000,1.000,5.743205,5.658910,0.009110,1.340912,0.680301,6.646402,6.773884,0.009122,1.355357,0.678552,1.00e-04
300,1.000,1.000,5.745098,5.661182,0.009113,1.340736,0.681360,6.654550,6.782995,0.009127,1.356372,0.678773,1.00e-04
301,1.000,1.000,5.737814,5.653072,0.009119,1.340025,0.680207,6.665649,6.802786,0.009132,1.350513,0.678524,1.00e-04
302,1.000,1.000,5.724223,5.639727,0.009123,1.336868,0.678242,6.642089,6.774072,0.009136,1.349781,0.678492,1.00e-04
303,1.000,1.000,5.700403,5.610123,0.009127,1.336256,0.679989,6.598548,6.718045,0.009140,1.351365,0.678539,1.00e-04
304,1.000,1.000,5.688430,5.598350,0.009131,1.332769,0.681149,6.599968,6.727984,0.009145,1.343158,0.678690,1.00e-04
305,1.000,1.000,5.671933,5.582629,0.009136,1.328254,0.679587,6.572113,6.691917,0.009149,1.344396,0.678719,1.00e-04
306,1.000,1.000,5.654653,5.557816,0.009141,1.331551,0.679234,6.589610,6.710378,0.009153,1.347732,0.678998,1.00e-04
307,1.000,1.000,5.637386,5.533948,0.009145,1.333278,0.681444,6.552628,6.667153,0.009158,1.344631,0.679374,1.00e-04
308,1.000,1.000,5.639321,5.540048,0.009150,1.330506,0.677788,6.533014,6.641728,0.009162,1.345533,0.679377,1.00e-04
309,1.000,1.000,5.616838,5.511592,0.009153,1.329742,0.682242,6.527831,6.637601,0.009166,1.343249,0.679088,1.00e-04
310,1.000,1.000,5.581564,5.471384,0.009157,1.325742,0.682688,6.479929,6.583497,0.009171,1.337383,0.679441,1.00e-04
311,1.000,1.000,5.565737,5.455781,0.009162,1.322420,0.679233,6.485991,6.592169,0.009175,1.336421,0.678892,1.00e-04
312,1.000,1.000,5.583562,5.478590,0.009167,1.321762,0.679735,6.481602,6.586550,0.009180,1.336657,0.678459,1.00e-04
313,1.000,1.000,5.544742,5.425648,0.009172,1.325793,0.681256,6.477890,6.580212,0.009185,1.338454,0.678046,1.00e-04
314,1.000,1.000,5.537620,5.420589,0.009176,1.321819,0.681765,6.450902,6.547297,0.009189,1.337588,0.678213,1.00e-04
315,1.000,1.000,5.531921,5.416242,0.009181,1.319456,0.680088,6.482822,6.591084,0.009194,1.333883,0.677468,1.00e-04
316,1.000,1.000,5.522663,5.403378,0.009185,1.320916,0.679396,6.414938,6.502714,0.009198,1.337523,0.676942,1.00e-04
317,1.000,1.000,5.504273,5.383730,0.009191,1.317693,0.678906,6.418750,6.515367,0.009203,1.329605,0.677050,1.00e-04
318,1.000,1.000,5.487786,5.364263,0.009195,1.316301,0.679895,6.374530,6.455880,0.009208,1.333742,0.677330,1.00e-04
319,1.000,1.000,5.481441,5.354533,0.009200,1.317739,0.681319,6.375505,6.458150,0.009212,1.332683,0.677343,1.00e-04
320,1.000,1.000,5.456605,5.327799,0.009204,1.314154,0.678399,6.347972,6.429758,0.009217,1.326675,0.677261,1.00e-04
321,1.000,1.000,5.447179,5.317491,0.009208,1.312705,0.678274,6.337465,6.414945,0.009221,1.328424,0.676962,1.00e-04
322,1.000,1.000,5.438386,5.307192,0.009214,1.312069,0.678031,6.330864,6.408164,0.009226,1.326879,0.677246,1.00e-04
323,1.000,1.000,5.424973,5.291015,0.009218,1.311285,0.678792,6.338442,6.418213,0.009230,1.326266,0.677371,1.00e-04
324,1.000,1.000,5.418346,5.283703,0.009222,1.310156,0.679402,6.302190,6.375556,0.009234,1.323633,0.677255,1.00e-04
325,1.000,1.000,5.390717,5.250683,0.009226,1.308732,0.679023,6.267906,6.332484,0.009238,1.323755,0.677619,1.00e-04
326,1.000,1.000,5.361373,5.217401,0.009231,1.305514,0.678280,6.249999,6.316189,0.009243,1.317640,0.677708,1.00e-04
327,1.000,1.000,5.362592,5.222920,0.009236,1.301634,0.677800,6.254583,6.324858,0.009248,1.314801,0.677290,1.00e-04
328,1.000,1.000,5.345500,5.202568,0.009240,1.300506,0.678247,6.241103,6.306067,0.009252,1.316841,0.676873,1.00e-04
329,1.000,1.000,5.328555,5.182546,0.009244,1.299320,0.678332,6.247512,6.318190,0.009256,1.312745,0.676797,1.00e-04
330,1.000,1.000,5.324996,5.178852,0.009249,1.298639,0.678022,6.200955,6.258391,0.009260,1.314286,0.677022,1.00e-04
331,1.000,1.000,5.314876,5.165940,0.009252,1.298805,0.678390,6.232267,6.297468,0.009265,1.314278,0.677287,1.00e-04
332,1.000,1.000,5.288829,5.136711,0.009256,1.295720,0.677390,6.209670,6.275764,0.009269,1.307799,0.677025,1.00e-04
333,1.000,1.000,5.281105,5.130554,0.009261,1.292075,0.677961,6.188058,6.248089,0.009273,1.308320,0.677561,1.00e-04
334,1.000,1.000,5.261849,5.105846,0.009265,1.292427,0.679090,6.194897,6.255842,0.009278,1.309157,0.677378,1.00e-04
335,1.000,1.000,5.256381,5.096951,0.009270,1.294908,0.677390,6.158712,6.208285,0.009282,1.311679,0.676576,1.00e-04
336,1.000,1.000,5.244173,5.080520,0.009275,1.296084,0.677348,6.168612,6.221593,0.009286,1.310899,0.675945,1.00e-04
337,1.000,1.000,5.221402,5.054519,0.009279,1.293642,0.677253,6.129387,6.175257,0.009290,1.308158,0.676115,1.00e-04
338,1.000,1.000,5.218138,5.054698,0.009283,1.289608,0.676339,6.093619,6.135794,0.009295,1.302863,0.676285,1.00e-04
339,1.000,1.000,5.196440,5.028216,0.009287,1.288816,0.676922,6.091025,6.129397,0.009299,1.306059,0.676104,1.00e-04
340,1.000,1.000,5.175049,5.000754,0.009292,1.289335,0.677723,6.107991,6.154151,0.009303,1.302713,0.675287,1.00e-04
341,1.000,1.000,5.174752,5.005257,0.009296,1.284938,0.675796,6.072066,6.112056,0.009307,1.299767,0.675810,1.00e-04
342,1.000,1.000,5.167874,4.993541,0.009300,1.287805,0.676781,6.060950,6.093657,0.009311,1.304339,0.675519,1.00e-04
343,1.000,1.000,5.158656,4.981111,0.009305,1.288841,0.676255,6.058343,6.092490,0.009316,1.302201,0.675692,1.00e-04
344,1.000,1.000,5.138334,4.959024,0.009308,1.285583,0.676009,6.068399,6.108872,0.009320,1.298430,0.675507,1.00e-04
345,1.000,1.000,5.118735,4.937242,0.009313,1.282767,0.676393,6.026903,6.057815,0.009324,1.297388,0.676406,1.00e-04
346,1.000,1.000,5.121404,4.941589,0.009317,1.282014,0.675343,6.004029,6.027995,0.009328,1.298719,0.675982,1.00e-04
347,1.000,1.000,5.097262,4.909385,0.009321,1.283802,0.676280,5.997357,6.020801,0.009332,1.297763,0.675202,1.00e-04
348,1.000,1.000,5.087157,4.897284,0.009325,1.283163,0.676693,5.990066,6.013058,0.009336,1.296343,0.675379,1.00e-04
349,1.000,1.000,5.085036,4.896388,0.009329,1.281304,0.677096,5.992093,6.015885,0.009340,1.296231,0.674639,1.00e-04
350,1.000,1.000,5.076271,4.883847,0.009332,1.283220,0.675758,5.993690,6.015784,0.009343,1.298257,0.674913,1.00e-04
351,1.000,1.000,5.056562,4.859413,0.009336,1.282828,0.676503,5.943550,5.955813,0.009347,1.295510,0.675075,1.00e-04
352,1.000,1.000,5.035257,4.837615,0.009339,1.278431,0.674747,5.946280,5.962866,0.009351,1.291979,0.674617,1.00e-04
353,1.000,1.000,5.030780,4.833586,0.009344,1.276741,0.675213,5.931729,5.944193,0.009355,1.292399,0.674853,1.00e-04
354,1.000,1.000,5.016608,4.815225,0.009348,1.277211,0.675901,5.930456,5.944624,0.009359,1.290597,0.673956,1.00e-04
355,1.000,1.000,5.010162,4.806256,0.009352,1.277883,0.676844,5.904933,5.909794,0.009363,1.293608,0.673606,1.00e-04
356,1.000,1.000,4.993068,4.785920,0.009356,1.276871,0.676754,5.885804,5.888615,0.009367,1.290609,0.674651,1.00e-04
357,1.000,1.000,4.991984,4.787063,0.009360,1.275206,0.673402,5.875786,5.875271,0.009371,1.291411,0.674716,1.00e-04
358,1.000,1.000,4.973052,4.761919,0.009364,1.276227,0.675219,5.872973,5.872428,0.009375,1.290903,0.674044,1.00e-04
359,1.000,1.000,4.965871,4.755552,0.009368,1.273425,0.675973,5.870042,5.873766,0.009379,1.286070,0.673352,1.00e-04
360,1.000,1.000,4.948274,4.737431,0.009373,1.269964,0.674300,5.822451,5.814860,0.009383,1.285425,0.673583,1.00e-04
361,1.000,1.000,4.935753,4.720968,0.009376,1.270770,0.674307,5.824159,5.815898,0.009387,1.286500,0.673656,1.00e-04
362,1.000,1.000,4.921353,4.699999,0.009380,1.274102,0.672840,5.816953,5.802135,0.009391,1.291217,0.673794,1.00e-04
363,1.000,1.000,4.919511,4.696449,0.009384,1.274835,0.674886,5.795615,5.780025,0.009395,1.286660,0.673757,1.00e-04
364,1.000,1.000,4.899439,4.675780,0.009388,1.270359,0.675085,5.812490,5.802154,0.009398,1.285740,0.673277,1.00e-04
365,1.000,1.000,4.902201,4.682970,0.009392,1.266326,0.676248,5.779436,5.768303,0.009402,1.278372,0.672868,1.00e-04
366,1.000,1.000,4.886842,4.663000,0.009396,1.267928,0.672916,5.764474,5.743328,0.009405,1.284582,0.673110,1.00e-04
367,1.000,1.000,4.876352,4.647686,0.009399,1.270165,0.672761,5.775623,5.757281,0.009409,1.284614,0.672903,1.00e-04
368,1.000,1.000,4.864046,4.635213,0.009402,1.267063,0.673522,5.775100,5.758563,0.009412,1.282707,0.672770,1.00e-04
369,1.000,1.000,4.852603,4.622272,0.009406,1.265411,0.674656,5.756001,5.736178,0.009416,1.280975,0.673729,1.00e-04
370,1.000,1.000,4.829397,4.595947,0.009410,1.263143,0.672982,5.742851,5.723160,0.009420,1.277733,0.673005,1.00e-04
371,1.000,1.000,4.824365,4.590070,0.009414,1.262771,0.672809,5.687326,5.652626,0.009423,1.278948,0.672644,1.00e-04
372,1.000,1.000,4.809207,4.571568,0.009417,1.262236,0.673152,5.694637,5.665658,0.009427,1.275138,0.672291,1.00e-04
373,1.000,1.000,4.812728,4.577260,0.009421,1.260375,0.675412,5.714947,5.690667,0.009431,1.275636,0.671800,1.00e-04
374,1.000,1.000,4.797379,4.554876,0.009425,1.264270,0.672615,5.710433,5.678215,0.009435,1.282482,0.671638,1.00e-04
375,1.000,1.000,4.778879,4.530811,0.009429,1.265093,0.673058,5.663237,5.624846,0.009439,1.276666,0.672381,1.00e-04
376,1.000,1.000,4.763820,4.519780,0.009432,1.257366,0.672787,5.642130,5.603593,0.009442,1.271588,0.672154,1.00e-04
377,1.000,1.000,4.755131,4.510613,0.009436,1.256142,0.670893,5.638714,5.599263,0.009446,1.271602,0.672324,1.00e-04
378,1.000,1.000,4.743847,4.495664,0.009440,1.257002,0.670811,5.627297,5.583579,0.009450,1.273200,0.671566,1.00e-04
379,1.000,1.000,4.730153,4.478945,0.009444,1.256053,0.672999,5.620950,5.579796,0.009454,1.269094,0.671375,1.00e-04
380,1.000,1.000,4.723531,4.470947,0.009447,1.256013,0.672024,5.603977,5.555534,0.009457,1.271938,0.672164,1.00e-04
381,1.000,1.000,4.708463,4.451788,0.009451,1.256686,0.670611,5.600823,5.552606,0.009461,1.271235,0.670904,1.00e-04
382,1.000,1.000,4.695303,4.436451,0.009455,1.255627,0.670379,5.567976,5.512534,0.009465,1.270282,0.670759,1.00e-04
383,1.000,1.000,4.682383,4.423887,0.009459,1.252039,0.670377,5.567254,5.516548,0.009468,1.265339,0.670848,1.00e-04
384,1.000,1.000,4.692320,4.439915,0.009462,1.248734,0.669155,5.576180,5.526927,0.009472,1.266325,0.670004,1.00e-04
385,1.000,1.000,4.665200,4.401248,0.009465,1.253253,0.670137,5.547099,5.486546,0.009475,1.270298,0.670219,1.00e-04
386,1.000,1.000,4.659432,4.393484,0.009469,1.253592,0.670977,5.531443,5.468038,0.009478,1.269340,0.669785,1.00e-04
387,1.000,1.000,4.644411,4.376498,0.009473,1.251892,0.670606,5.534126,5.474546,0.009482,1.266086,0.670173,1.00e-04
388,1.000,1.000,4.636290,4.368181,0.009476,1.249964,0.670964,5.513315,5.447648,0.009486,1.266906,0.670412,1.00e-04
389,1.000,1.000,4.621689,4.349082,0.009480,1.250834,0.670859,5.488653,5.418933,0.009490,1.264827,0.670261,1.00e-04
390,1.000,1.000,4.622107,4.350880,0.009484,1.249214,0.672221,5.513295,5.448573,0.009494,1.265862,0.670763,1.00e-04
391,1.000,1.000,4.605865,4.331613,0.009487,1.248453,0.671112,5.501581,5.436257,0.009497,1.263967,0.669019,1.00e-04
392,1.000,1.000,4.586623,4.309407,0.009491,1.246534,0.671383,5.480481,5.413314,0.009500,1.260405,0.669525,1.00e-04
393,1.000,1.000,4.576706,4.299054,0.009495,1.242519,0.679257,5.441868,5.367993,0.009504,1.257772,0.668265,1.00e-04
394,1.000,1.000,4.563944,4.282264,0.009499,1.244372,0.675175,5.422268,5.340226,0.009507,1.260811,0.669160,1.00e-04
395,1.000,1.000,4.561474,4.282911,0.009501,1.242035,0.669577,5.437886,5.366687,0.009511,1.254125,0.668136,1.00e-04
396,1.000,1.000,4.560246,4.279966,0.009505,1.243074,0.671052,5.436551,5.358488,0.009514,1.260426,0.669041,1.00e-04
397,1.000,1.000,4.545376,4.260425,0.009509,1.244689,0.668386,5.414684,5.333439,0.009518,1.258007,0.669565,1.00e-04
398,1.000,1.000,4.533398,4.248307,0.009512,1.241654,0.669095,5.389921,5.304568,0.009522,1.256034,0.669104,1.00e-04
399,1.000,1.000,4.522685,4.234395,0.009516,1.242210,0.668940,5.417477,5.337367,0.009525,1.257807,0.668590,1.00e-04
400,1.000,1.000,4.510108,4.219616,0.009520,1.241176,0.669289,5.378880,5.292252,0.009529,1.254656,0.668652,1.00e-04
401,1.000,1.000,4.504418,4.214370,0.009524,1.240063,0.666262,5.366762,5.275488,0.009532,1.256244,0.668750,1.00e-04
402,1.000,1.000,4.481318,4.184895,0.009526,1.239653,0.670291,5.340920,5.244501,0.009536,1.255145,0.667875,1.00e-04
403,1.000,1.000,4.474881,4.178640,0.009530,1.238624,0.667228,5.352546,5.260109,0.009539,1.253911,0.668495,1.00e-04
404,1.000,1.000,4.459156,4.157908,0.009534,1.239524,0.667915,5.321523,5.223895,0.009542,1.251404,0.668248,1.00e-04
405,1.000,1.000,4.458422,4.160152,0.009537,1.236451,0.667555,5.324796,5.228254,0.009546,1.251063,0.668528,1.00e-04
406,1.000,1.000,4.447324,4.145280,0.009541,1.237964,0.665475,5.311507,5.210769,0.009550,1.252100,0.667857,1.00e-04
407,1.000,1.000,4.432482,4.126353,0.009544,1.237497,0.668834,5.304407,5.203240,0.009554,1.251012,0.666810,1.00e-04
408,1.000,1.000,4.425625,4.121319,0.009548,1.234751,0.665654,5.304636,5.204182,0.009557,1.250173,0.667533,1.00e-04
409,1.000,1.000,4.410563,4.106069,0.009551,1.231240,0.665374,5.294961,5.195366,0.009561,1.247027,0.666990,1.00e-04
410,1.000,1.000,4.407098,4.100058,0.009554,1.232975,0.665141,5.247446,5.132941,0.009564,1.250254,0.666192,1.00e-04
411,1.000,1.000,4.395623,4.082984,0.009558,1.235427,0.666235,5.273366,5.166775,0.009568,1.248922,0.665771,1.00e-04
412,1.000,1.000,4.397678,4.087228,0.009561,1.233782,0.666107,5.250400,5.141719,0.009570,1.245192,0.666080,1.00e-04
413,1.000,1.000,4.394524,4.085156,0.009564,1.232317,0.664470,5.238179,5.124772,0.009573,1.246690,0.666752,1.00e-04
414,1.000,1.000,4.377147,4.065897,0.009567,1.229769,0.664802,5.219846,5.102596,0.009576,1.246044,0.666368,1.00e-04
415,1.000,1.000,4.364248,4.048418,0.009571,1.230928,0.665570,5.218216,5.099346,0.009579,1.247429,0.665661,1.00e-04
416,1.000,1.000,4.349624,4.030854,0.009574,1.230305,0.665187,5.200822,5.080963,0.009583,1.244126,0.665419,1.00e-04
417,1.000,1.000,4.337353,4.017033,0.009577,1.228919,0.664648,5.206320,5.090917,0.009587,1.240816,0.666320,1.00e-04
418,1.000,1.000,4.325567,4.005635,0.009581,1.225584,0.664635,5.167741,5.043913,0.009590,1.239657,0.666062,1.00e-04
419,1.000,1.000,4.324456,4.003809,0.009584,1.226388,0.663158,5.182777,5.059076,0.009593,1.243288,0.666058,1.00e-04
420,1.000,1.000,4.302697,3.976138,0.009587,1.226898,0.662994,5.168189,5.044518,0.009596,1.239827,0.665183,1.00e-04
421,1.000,1.000,4.305133,3.981965,0.009591,1.224093,0.663068,5.143689,5.014496,0.009599,1.239246,0.665080,1.00e-04
422,1.000,1.000,4.292201,3.963967,0.009593,1.225381,0.665238,5.143355,5.012017,0.009602,1.241322,0.665007,1.00e-04
423,1.000,1.000,4.276509,3.943943,0.009597,1.226365,0.662928,5.138588,5.009012,0.009606,1.238387,0.664920,1.00e-04
424,1.000,1.000,4.264899,3.933912,0.009601,1.222024,0.662346,5.113750,4.978527,0.009610,1.237856,0.664781,1.00e-04
425,1.000,1.000,4.252256,3.917310,0.009604,1.222126,0.665118,5.101777,4.966786,0.009613,1.235071,0.663005,1.00e-04
426,1.000,1.000,4.250366,3.917474,0.009607,1.220538,0.661350,5.100208,4.962838,0.009616,1.236769,0.664146,1.00e-04
427,1.000,1.000,4.239178,3.903151,0.009611,1.220230,0.663918,5.084625,4.943036,0.009620,1.237006,0.664479,1.00e-04
428,1.000,1.000,4.231065,3.892890,0.009613,1.220396,0.663728,5.084469,4.944816,0.009623,1.235210,0.663752,1.00e-04
429,1.000,1.000,4.229590,3.890600,0.009617,1.221168,0.662408,5.075262,4.932056,0.009626,1.236344,0.664208,1.00e-04
430,1.000,1.000,4.210725,3.869633,0.009621,1.218801,0.661406,5.032226,4.879229,0.009629,1.235545,0.663517,1.00e-04
431,1.000,1.000,4.191663,3.846407,0.009624,1.218030,0.662072,5.034733,4.887093,0.009632,1.231037,0.662617,1.00e-04
432,1.000,1.000,4.194226,3.851528,0.009627,1.216355,0.661088,5.033302,4.886517,0.009635,1.229473,0.664014,1.00e-04
433,1.000,1.000,4.191586,3.851528,0.009630,1.213324,0.660002,5.027994,4.878178,0.009638,1.231140,0.664144,1.00e-04
434,1.000,1.000,4.171953,3.824253,0.009633,1.216095,0.659840,5.022390,4.870177,0.009641,1.232100,0.664278,1.00e-04
435,1.000,1.000,4.168596,3.819761,0.009636,1.216532,0.659267,5.034276,4.885244,0.009644,1.232258,0.662800,1.00e-04
436,1.000,1.000,4.163742,3.814424,0.009638,1.215546,0.660281,4.998818,4.842960,0.009646,1.230392,0.662099,1.00e-04
437,1.000,1.000,4.158788,3.808905,0.009641,1.214990,0.659793,4.984056,4.824546,0.009649,1.230335,0.662160,1.00e-04
438,1.000,1.000,4.131119,3.776877,0.009644,1.212859,0.658076,4.990011,4.834085,0.009652,1.228368,0.661637,1.00e-04
439,1.000,1.000,4.133100,3.778194,0.009647,1.213688,0.659382,4.987452,4.830378,0.009655,1.228703,0.662313,1.00e-04
440,1.000,1.000,4.111742,3.753366,0.009651,1.212170,0.657962,4.938355,4.771151,0.009658,1.226875,0.661038,1.00e-04
441,1.000,1.000,4.107764,3.748822,0.009653,1.211020,0.660839,4.959228,4.797160,0.009662,1.226463,0.662999,1.00e-04
442,1.000,1.000,4.109298,3.752130,0.009657,1.210524,0.657244,4.935503,4.767905,0.009665,1.226416,0.661570,1.00e-04
443,1.000,1.000,4.083060,3.717797,0.009660,1.212287,0.656322,4.905144,4.731570,0.009668,1.224798,0.661574,1.00e-04
444,1.000,1.000,4.083945,3.720678,0.009663,1.210178,0.657648,4.913186,4.741169,0.009671,1.225430,0.660852,1.00e-04
445,1.000,1.000,4.073463,3.707682,0.009666,1.209541,0.659759,4.899185,4.725821,0.009674,1.223817,0.658680,1.00e-04
446,1.000,1.000,4.067753,3.699583,0.009669,1.210503,0.659744,4.884349,4.702646,0.009677,1.227941,0.660691,1.00e-04
447,1.000,1.000,4.055333,3.685968,0.009672,1.209480,0.656184,4.879680,4.704807,0.009680,1.220103,0.660042,1.00e-04
448,1.000,1.000,4.034004,3.664056,0.009675,1.204897,0.655507,4.854459,4.671850,0.009683,1.221597,0.659774,1.00e-04
449,1.000,1.000,4.031127,3.658045,0.009678,1.206398,0.659157,4.849461,4.665866,0.009686,1.221829,0.657778,1.00e-04
450,1.000,1.000,4.020601,3.644929,0.009681,1.207229,0.655648,4.836703,4.651643,0.009689,1.219963,0.658337,1.00e-04
451,1.000,1.000,4.011011,3.636865,0.009684,1.203151,0.656252,4.861425,4.682052,0.009692,1.220057,0.659924,1.00e-04
452,1.000,1.000,4.011729,3.637387,0.009687,1.204967,0.650481,4.837587,4.649356,0.009695,1.223227,0.658822,1.00e-04
453,1.000,1.000,3.999443,3.618332,0.009690,1.207753,0.654115,4.820461,4.629687,0.009698,1.221909,0.657131,1.00e-04
454,1.000,1.000,3.990055,3.607676,0.009693,1.205671,0.658113,4.801414,4.608665,0.009701,1.218773,0.658515,1.00e-04
455,1.000,1.000,3.986099,3.604925,0.009696,1.204692,0.653240,4.803962,4.611033,0.009703,1.219970,0.656984,1.00e-04
456,1.000,1.000,3.975632,3.593430,0.009699,1.203244,0.652665,4.788681,4.594025,0.009706,1.218232,0.655552,1.00e-04
457,1.000,1.000,3.962790,3.579387,0.009702,1.201160,0.652953,4.794940,4.602901,0.009709,1.217132,0.655728,1.00e-04
458,1.000,1.000,3.954365,3.567505,0.009704,1.202373,0.653491,4.771783,4.573000,0.009712,1.218054,0.655850,1.00e-04
459,1.000,1.000,3.948920,3.559185,0.009708,1.204304,0.651814,4.762061,4.560820,0.009715,1.217585,0.657824,1.00e-04
460,1.000,1.000,3.932796,3.542187,0.009710,1.200497,0.654402,4.743822,4.540601,0.009718,1.215279,0.656715,1.00e-04
461,1.000,1.000,3.933955,3.544030,0.009714,1.200983,0.650868,4.751126,4.546513,0.009721,1.218569,0.656419,1.00e-04
462,1.000,1.000,3.917205,3.521261,0.009716,1.202123,0.653631,4.738817,4.532308,0.009724,1.216739,0.659002,1.00e-04
463,1.000,1.000,3.904329,3.509229,0.009720,1.199067,0.649581,4.732125,4.529636,0.009727,1.212012,0.655126,1.00e-04
464,1.000,1.000,3.899101,3.501103,0.009723,1.200535,0.650062,4.706543,4.489985,0.009730,1.219424,0.656160,1.00e-04
465,1.000,1.000,3.901849,3.504744,0.009726,1.200672,0.648676,4.719102,4.510752,0.009733,1.214290,0.656409,1.00e-04
466,1.000,1.000,3.892897,3.496118,0.009728,1.198306,0.647876,4.686133,4.470834,0.009736,1.213856,0.652959,1.00e-04
467,1.000,1.000,3.875361,3.472847,0.009731,1.199653,0.647879,4.678946,4.460942,0.009739,1.214788,0.652856,1.00e-04
468,1.000,1.000,3.865660,3.461473,0.009734,1.199039,0.647317,4.678010,4.462723,0.009741,1.211656,0.653568,1.00e-04
469,1.000,1.000,3.862563,3.460732,0.009737,1.195501,0.648935,4.686245,4.472410,0.009745,1.212527,0.652495,1.00e-04
470,1.000,1.000,3.848801,3.443488,0.009740,1.195536,0.648946,4.653293,4.432500,0.009747,1.211559,0.651238,1.00e-04
471,1.000,1.000,3.841317,3.435838,0.009743,1.193950,0.648464,4.653091,4.431797,0.009750,1.211428,0.653551,1.00e-04
472,1.000,1.000,3.835075,3.425545,0.009745,1.197015,0.646152,4.626190,4.395641,0.009753,1.214080,0.653052,1.00e-04
473,1.000,1.000,3.826756,3.416385,0.009748,1.193840,0.653885,4.613504,4.386668,0.009756,1.208227,0.648917,1.00e-04
474,1.000,1.000,3.810751,3.398852,0.009751,1.192662,0.648692,4.618573,4.391939,0.009759,1.208073,0.653784,1.00e-04
475,1.000,1.000,3.807175,3.396687,0.009754,1.191317,0.644841,4.611118,4.383366,0.009761,1.207649,0.652485,1.00e-04
476,1.000,1.000,3.801708,3.389591,0.009757,1.191889,0.643593,4.602904,4.369915,0.009764,1.211320,0.650521,1.00e-04
477,1.000,1.000,3.796595,3.379040,0.009759,1.196355,0.642359,4.592057,4.356263,0.009766,1.211264,0.651113,1.00e-04
478,1.000,1.000,3.791626,3.374669,0.009762,1.194690,0.641644,4.591546,4.361189,0.009769,1.205666,0.651231,1.00e-04
479,1.000,1.000,3.777529,3.362114,0.009765,1.189067,0.643859,4.574410,4.339689,0.009772,1.205989,0.650248,1.00e-04
480,1.000,1.000,3.773147,3.356265,0.009767,1.189636,0.643060,4.558269,4.320121,0.009774,1.205609,0.649328,1.00e-04
481,1.000,1.000,3.761533,3.342766,0.009770,1.189070,0.641239,4.561764,4.326276,0.009777,1.203735,0.649667,1.00e-04
482,1.000,1.000,3.752893,3.331390,0.009772,1.189719,0.640939,4.563170,4.325915,0.009780,1.206018,0.648999,1.00e-04
483,1.000,1.000,3.752890,3.329322,0.009776,1.192239,0.639101,4.560505,4.318676,0.009782,1.209177,0.651980,1.00e-04
484,1.000,1.000,3.744090,3.320496,0.009778,1.189189,0.642600,4.526964,4.282595,0.009785,1.203428,0.651586,1.00e-04
485,1.000,1.000,3.726689,3.301545,0.009781,1.186656,0.641516,4.511443,4.266303,0.009788,1.201802,0.645644,1.00e-04
486,1.000,1.000,3.730620,3.303577,0.009784,1.190550,0.637463,4.512825,4.262380,0.009791,1.207520,0.645366,1.00e-04
487,1.000,1.000,3.712876,3.280644,0.009786,1.190137,0.642111,4.496383,4.248634,0.009793,1.199952,0.648396,1.00e-04
488,1.000,1.000,3.708453,3.281922,0.009788,1.184625,0.636922,4.494537,4.246799,0.009795,1.200188,0.645552,1.00e-04
489,1.000,1.000,3.695857,3.266992,0.009791,1.184014,0.636093,4.470876,4.218951,0.009798,1.198156,0.646759,1.00e-04
490,1.000,1.000,3.696177,3.267791,0.009794,1.183547,0.636356,4.459599,4.201382,0.009800,1.202099,0.644872,1.00e-04
491,1.000,1.000,3.686762,3.251473,0.009797,1.188518,0.634661,4.464895,4.207600,0.009803,1.202590,0.644501,1.00e-04
492,1.000,1.000,3.667396,3.232393,0.009800,1.184002,0.632205,4.444665,4.187176,0.009806,1.197934,0.643665,1.00e-04
493,1.000,1.000,3.672599,3.237295,0.009801,1.184746,0.635624,4.456561,4.197877,0.009808,1.201633,0.645531,1.00e-04
494,1.000,1.000,3.660602,3.221994,0.009803,1.185626,0.633316,4.437812,4.179816,0.009810,1.196770,0.643475,1.00e-04
495,1.000,1.000,3.656260,3.220950,0.009806,1.180392,0.636705,4.427480,4.168778,0.009812,1.195467,0.641166,1.00e-04
496,1.000,1.000,3.642074,3.202913,0.009809,1.181462,0.633633,4.410241,4.145937,0.009815,1.195467,0.646326,1.00e-04
497,1.000,1.000,3.635038,3.197416,0.009811,1.177732,0.635355,4.425878,4.161883,0.009818,1.199407,0.644955,1.00e-04
498,1.000,1.000,3.626832,3.184198,0.009814,1.182163,0.629460,4.400561,4.136451,0.009821,1.194252,0.640711,1.00e-04
499,1.000,1.000,3.623278,3.185267,0.009816,1.176773,0.628962,4.395825,4.131978,0.009823,1.192838,0.640566,1.00e-04
500,1.000,1.000,3.612708,3.169704,0.009819,1.179336,0.628103,4.375082,4.105143,0.009825,1.194133,0.639003,1.00e-04
501,1.000,1.000,3.600079,3.154202,0.009821,1.177733,0.633372,4.375077,4.107913,0.009827,1.190038,0.644272,1.00e-04
502,1.000,1.000,3.597322,3.154805,0.009824,1.174716,0.629227,4.361907,4.089012,0.009830,1.193732,0.639240,1.00e-04
503,1.000,1.000,3.591930,3.146223,0.009826,1.177296,0.626271,4.364604,4.093267,0.009832,1.192940,0.638866,1.00e-04
504,1.000,1.000,3.578830,3.131423,0.009829,1.176602,0.622737,4.345596,4.074125,0.009834,1.188140,0.639585,1.00e-04
505,1.000,1.000,3.575814,3.132393,0.009831,1.170833,0.626844,4.327593,4.055114,0.009836,1.185651,0.635558,1.00e-04
506,1.000,1.000,3.570879,3.120445,0.009833,1.175055,0.633065,4.343082,4.062806,0.009839,1.195602,0.642421,1.00e-04
507,1.000,1.000,3.560637,3.110911,0.009835,1.174472,0.622313,4.319901,4.043537,0.009841,1.186648,0.639398,1.00e-04
508,1.000,1.000,3.563046,3.118952,0.009838,1.169676,0.621366,4.331862,4.058719,0.009843,1.187572,0.634775,1.00e-04
509,1.000,1.000,3.547998,3.097266,0.009840,1.173035,0.619427,4.313826,4.035880,0.009845,1.188046,0.634047,1.00e-04
510,1.000,1.000,3.537339,3.087018,0.009841,1.169397,0.621667,4.291266,4.014345,0.009847,1.181426,0.633859,1.00e-04
511,1.000,1.000,3.530164,3.077706,0.009844,1.169624,0.622126,4.302533,4.021417,0.009850,1.187149,0.639002,1.00e-04
512,1.000,1.000,3.523149,3.071251,0.009847,1.168932,0.615627,4.282479,4.003356,0.009853,1.182123,0.631069,1.00e-04
513,1.000,1.000,3.513574,3.060764,0.009849,1.166706,0.618596,4.257128,3.975035,0.009855,1.178072,0.633794,1.00e-04
514,1.000,1.000,3.510865,3.057900,0.009852,1.164841,0.623953,4.267762,3.984214,0.009858,1.182760,0.631485,1.00e-04
515,1.000,1.000,3.496430,3.040993,0.009854,1.166693,0.611989,4.244702,3.957948,0.009860,1.179756,0.633257,1.00e-04
516,1.000,1.000,3.484780,3.028210,0.009856,1.163841,0.616277,4.236557,3.948570,0.009862,1.179466,0.631192,1.00e-04
517,1.000,1.000,3.482453,3.026386,0.009859,1.163348,0.613891,4.244299,3.955384,0.009864,1.181807,0.633274,1.00e-04
518,1.000,1.000,3.481106,3.024105,0.009861,1.164987,0.609719,4.230935,3.942914,0.009866,1.178574,0.629258,1.00e-04
519,1.000,1.000,3.463848,3.006001,0.009863,1.162189,0.607027,4.204037,3.911601,0.009869,1.176124,0.629807,1.00e-04
520,1.000,1.000,3.467499,3.011037,0.009866,1.161431,0.608157,4.209482,3.916348,0.009871,1.177945,0.630754,1.00e-04
521,1.000,1.000,3.451759,2.991288,0.009868,1.162739,0.603213,4.201453,3.911937,0.009874,1.173742,0.625052,1.00e-04
522,1.000,1.000,3.448088,2.989144,0.009871,1.159489,0.606426,4.198294,3.906729,0.009876,1.174694,0.626271,1.00e-04
523,1.000,1.000,3.446004,2.984646,0.009873,1.162132,0.603419,4.191700,3.895792,0.009878,1.177653,0.625204,1.00e-04
524,1.000,1.000,3.423434,2.957992,0.009875,1.161017,0.601633,4.165581,3.866874,0.009881,1.174042,0.624717,1.00e-04
525,1.000,1.000,3.420945,2.959100,0.009877,1.155956,0.604997,4.174094,3.879486,0.009883,1.173089,0.620637,1.00e-04
526,1.000,1.000,3.416077,2.952980,0.009879,1.158370,0.595464,4.156808,3.854508,0.009885,1.175588,0.624114,1.00e-04
527,1.000,1.000,3.411784,2.945897,0.009882,1.159381,0.598284,4.161277,3.860785,0.009887,1.174119,0.627217,1.00e-04
528,1.000,1.000,3.400037,2.932616,0.009884,1.158436,0.596443,4.149666,3.847592,0.009889,1.174153,0.621792,1.00e-04
529,1.000,1.000,3.400383,2.936805,0.009886,1.155585,0.592812,4.134855,3.832808,0.009892,1.171387,0.617929,1.00e-04
530,1.000,1.000,3.387953,2.922766,0.009889,1.155376,0.587643,4.117376,3.809303,0.009894,1.172026,0.621986,1.00e-04
531,1.000,1.000,3.379226,2.911454,0.009890,1.154060,0.594510,4.102380,3.795320,0.009897,1.166765,0.623976,1.00e-04
532,1.000,1.000,3.367190,2.900290,0.009893,1.150661,0.592574,4.101341,3.793769,0.009899,1.168920,0.616351,1.00e-04
533,1.000,1.000,3.361946,2.891685,0.009896,1.154777,0.584296,4.095877,3.784602,0.009901,1.170918,0.617697,1.00e-04
534,1.000,1.000,3.353269,2.883191,0.009898,1.153099,0.581596,4.085605,3.775987,0.009904,1.167517,0.614393,1.00e-04
535,1.000,1.000,3.348393,2.876513,0.009900,1.154231,0.579388,4.092540,3.782473,0.009906,1.169585,0.614843,1.00e-04
536,1.000,1.000,3.339971,2.868880,0.009903,1.151566,0.578457,4.055095,3.741178,0.009908,1.164904,0.611510,1.00e-04
537,1.000,1.000,3.334426,2.862769,0.009905,1.150224,0.580540,4.057758,3.744735,0.009910,1.163817,0.614939,1.00e-04
538,1.000,1.000,3.323384,2.850743,0.009907,1.149441,0.576560,4.054418,3.739107,0.009912,1.166062,0.611765,1.00e-04
539,1.000,1.000,3.319588,2.844068,0.009909,1.152517,0.571963,4.035211,3.713246,0.009914,1.168184,0.610681,1.00e-04
540,1.000,1.000,3.309970,2.835368,0.009911,1.148849,0.573338,4.031664,3.714999,0.009916,1.163074,0.606364,1.00e-04
541,1.000,1.000,3.303127,2.830111,0.009913,1.146642,0.568969,4.026272,3.705463,0.009918,1.164908,0.610206,1.00e-04
542,1.000,1.000,3.295482,2.818652,0.009915,1.148639,0.568583,4.006624,3.684466,0.009920,1.162387,0.606026,1.00e-04
543,1.000,1.000,3.287900,2.810005,0.009917,1.149399,0.562217,4.007869,3.683784,0.009922,1.163964,0.608667,1.00e-04
544,1.000,1.000,3.285853,2.812036,0.009919,1.146113,0.556992,3.990192,3.667588,0.009924,1.159412,0.603261,1.00e-04
545,1.000,1.000,3.275828,2.801818,0.009921,1.144137,0.555629,3.998925,3.677564,0.009926,1.159505,0.606642,1.00e-04
546,1.000,1.000,3.269347,2.793605,0.009923,1.143713,0.557766,3.987959,3.664177,0.009928,1.160465,0.601518,1.00e-04
547,1.000,1.000,3.258515,2.779252,0.009925,1.145613,0.553417,3.975679,3.649682,0.009930,1.159930,0.600226,1.00e-04
548,1.000,1.000,3.251656,2.775710,0.009928,1.142116,0.547264,3.974053,3.645697,0.009933,1.160027,0.607637,1.00e-04
549,1.000,1.000,3.244918,2.765729,0.009930,1.143262,0.548907,3.949123,3.619899,0.009934,1.157217,0.597413,1.00e-04
550,1.000,1.000,3.247023,2.770973,0.009932,1.141563,0.545245,3.968736,3.639879,0.009937,1.159891,0.604857,1.00e-04
551,1.000,1.000,3.235950,2.759039,0.009934,1.142025,0.535758,3.916593,3.584951,0.009939,1.151025,0.599307,1.00e-04
552,1.000,1.000,3.223308,2.746298,0.009936,1.138615,0.537145,3.928922,3.598945,0.009940,1.154581,0.590745,1.00e-04
553,1.000,1.000,3.223859,2.745508,0.009938,1.141873,0.530019,3.924354,3.591538,0.009942,1.155713,0.593000,1.00e-04
554,1.000,1.000,3.211187,2.731774,0.009939,1.140769,0.526003,3.909705,3.577640,0.009944,1.150162,0.597543,1.00e-04
555,1.000,1.000,3.209277,2.730742,0.009941,1.136229,0.538733,3.898594,3.560819,0.009945,1.153812,0.594666,1.00e-04
556,1.000,1.000,3.198644,2.720498,0.009943,1.138259,0.518418,3.912720,3.582320,0.009948,1.151313,0.589276,1.00e-04
557,1.000,1.000,3.202761,2.728822,0.009945,1.136804,0.511521,3.907120,3.569847,0.009950,1.155049,0.596211,1.00e-04
558,1.000,1.000,3.182331,2.700869,0.009947,1.140067,0.508127,3.881903,3.545556,0.009952,1.149116,0.591017,1.00e-04
559,1.000,1.000,3.176354,2.699691,0.009949,1.131926,0.515509,3.886477,3.546848,0.009953,1.151869,0.597699,1.00e-04
560,1.000,1.000,3.175843,2.698399,0.009950,1.133447,0.512029,3.866779,3.532057,0.009955,1.142120,0.597370,1.00e-04
561,1.000,1.000,3.175350,2.702080,0.009952,1.125453,0.526811,3.870735,3.528029,0.009957,1.153148,0.589138,1.00e-04
562,1.000,1.000,3.161441,2.680626,0.009954,1.137092,0.496520,3.853362,3.512070,0.009959,1.144550,0.600497,1.00e-04
563,1.000,1.000,3.156759,2.687573,0.009956,1.126546,0.487495,3.838810,3.499420,0.009961,1.142803,0.585317,1.00e-04
564,1.000,1.000,3.141632,2.664611,0.009958,1.131457,0.484052,3.839109,3.494668,0.009963,1.147004,0.589006,1.00e-04
565,1.000,1.000,3.135369,2.659941,0.009960,1.130424,0.475545,3.819215,3.475989,0.009965,1.141570,0.585979,1.00e-04
566,1.000,1.000,3.115944,2.641835,0.009962,1.125290,0.471372,3.809429,3.466141,0.009966,1.139896,0.583130,1.00e-04
567,1.000,1.000,3.118824,2.644160,0.009964,1.126546,0.471440,3.803831,3.464660,0.009968,1.135362,0.579195,1.00e-04
568,1.000,1.000,3.118859,2.641466,0.009966,1.124850,0.489169,3.806169,3.458584,0.009970,1.141288,0.591479,1.00e-04
569,1.000,1.000,3.107238,2.632937,0.009968,1.126212,0.459727,3.794789,3.453879,0.009972,1.134848,0.579149,1.00e-04
570,1.000,1.000,3.098188,2.626192,0.009970,1.123208,0.453464,3.800139,3.445368,0.009974,1.144381,0.601807,1.00e-04
571,1.000,1.000,3.089761,2.614056,0.009971,1.125899,0.449099,3.778904,3.435432,0.009976,1.134044,0.576714,1.00e-04
572,1.000,1.000,3.091304,2.611873,0.009973,1.122091,0.480770,3.768520,3.419261,0.009977,1.133743,0.590674,1.00e-04
573,1.000,1.000,3.076840,2.608963,0.009975,1.118219,0.435576,3.770251,3.418114,0.009979,1.137537,0.588734,1.00e-04
574,1.000,1.000,3.062594,2.588607,0.009976,1.122543,0.428465,3.758368,3.412446,0.009981,1.131018,0.578059,1.00e-04
575,1.000,1.000,3.061702,2.593887,0.009978,1.118690,0.418289,3.776689,3.419342,0.009982,1.140772,0.603056,1.00e-04
576,1.000,1.000,3.051252,2.577152,0.009980,1.123436,0.413991,3.726586,3.372477,0.009984,1.129714,0.584231,1.00e-04
577,1.000,1.000,3.041549,2.574090,0.009981,1.116242,0.406490,3.738355,3.388231,0.009986,1.129575,0.580606,1.00e-04
578,1.000,1.000,3.043581,2.574945,0.009984,1.117959,0.406351,3.724821,3.366557,0.009988,1.131439,0.592168,1.00e-04
579,1.000,1.000,3.031515,2.569077,0.009985,1.115584,0.378988,3.751113,3.384348,0.009990,1.138379,0.624696,1.00e-04
580,1.000,1.000,3.027795,2.558454,0.009987,1.121554,0.378992,3.715100,3.359988,0.009991,1.127824,0.584284,1.00e-04
581,1.000,1.000,3.020850,2.554727,0.009989,1.113815,0.390124,3.701293,3.338088,0.009993,1.128789,0.598985,1.00e-04
582,1.000,1.000,3.011236,2.548105,0.009991,1.114163,0.367146,3.722202,3.354195,0.009995,1.133219,0.621376,1.00e-04
583,1.000,1.000,3.003236,2.533044,0.009992,1.115582,0.381711,3.680927,3.317921,0.009996,1.126600,0.586564,1.00e-04
584,1.000,1.000,2.992643,2.529582,0.009994,1.114871,0.345427,3.678909,3.309122,0.009998,1.127090,0.609707,1.00e-04
585,1.000,1.000,2.993035,2.529541,0.009996,1.113434,0.353289,3.687701,3.309465,0.010000,1.131434,0.634909,1.00e-04
586,1.000,1.000,2.980128,2.513404,0.009998,1.115447,0.345247,3.659028,3.292836,0.010001,1.122832,0.592465,1.00e-04
587,1.000,1.000,2.980271,2.522294,0.010000,1.112278,0.323069,3.666895,3.287152,0.010003,1.128505,0.631833,1.00e-04
588,1.000,1.000,2.956502,2.486522,0.010001,1.114157,0.339791,3.676048,3.294350,0.010005,1.128441,0.649054,1.00e-04
589,1.000,1.000,2.962810,2.504973,0.010003,1.110700,0.311350,3.669525,3.282046,0.010006,1.128368,0.665943,1.00e-04
590,1.000,1.000,2.955535,2.490022,0.010004,1.112489,0.327615,3.641632,3.254955,0.010008,1.126403,0.642690,1.00e-04
591,1.000,1.000,2.942801,2.482988,0.010006,1.110734,0.299092,3.618565,3.241972,0.010010,1.117497,0.614907,1.00e-04
592,1.000,1.000,2.934884,2.472229,0.010008,1.109310,0.308230,3.632323,3.249988,0.010012,1.123011,0.629571,1.00e-04
593,1.000,1.000,2.925323,2.463925,0.010010,1.111535,0.284734,3.627208,3.246570,0.010013,1.119778,0.630596,1.00e-04
594,1.000,1.000,2.918072,2.461487,0.010011,1.106982,0.276441,3.616078,3.231897,0.010015,1.115800,0.649542,1.00e-04
595,1.000,1.000,2.915134,2.459711,0.010013,1.106205,0.271956,3.634031,3.226050,0.010016,1.125443,0.724117,1.00e-04
596,1.000,1.000,2.907371,2.447958,0.010014,1.109072,0.268680,3.627005,3.225909,0.010018,1.122588,0.700961,1.00e-04
597,1.000,1.000,2.893219,2.433510,0.010016,1.109009,0.255951,3.589903,3.198450,0.010019,1.118060,0.643396,1.00e-04
598,1.000,1.000,2.903723,2.440740,0.010018,1.107740,0.284623,3.585591,3.191168,0.010021,1.118585,0.648859,1.00e-04
599,1.000,1.000,2.886343,2.426027,0.010019,1.106328,0.262219,3.576245,3.181208,0.010023,1.115634,0.653767,1.00e-04
600,1.000,1.000,2.877453,2.422519,0.010021,1.105805,0.233887,3.586055,3.182243,0.010025,1.118254,0.688186,1.00e-04
601,1.000,1.000,2.871347,2.419438,0.010023,1.103037,0.226742,3.593463,3.181112,0.010026,1.116448,0.736968,1.00e-04
602,1.000,1.000,2.866361,2.413165,0.010024,1.103514,0.224988,3.560529,3.155805,0.010028,1.116532,0.673189,1.00e-04
603,1.000,1.000,2.865027,2.405269,0.010026,1.104829,0.244638,3.557373,3.154805,0.010030,1.114098,0.671134,1.00e-04
604,1.000,1.000,2.851464,2.394131,0.010028,1.103788,0.225534,3.552937,3.139369,0.010031,1.114216,0.710216,1.00e-04
605,1.000,1.000,2.841923,2.384903,0.010029,1.102207,0.221064,3.553861,3.142446,0.010032,1.113817,0.704126,1.00e-04
606,1.000,1.000,2.837400,2.382241,0.010031,1.102453,0.208102,3.541473,3.119691,0.010034,1.116853,0.721051,1.00e-04
607,1.000,1.000,2.825513,2.370342,0.010032,1.103168,0.193396,3.534268,3.115386,0.010035,1.111585,0.723315,1.00e-04
608,1.000,1.000,2.819131,2.370093,0.010034,1.098437,0.181403,3.520150,3.106263,0.010037,1.107231,0.706625,1.00e-04
609,1.000,1.000,2.821086,2.368895,0.010036,1.098731,0.194780,3.523757,3.095241,0.010039,1.112265,0.748607,1.00e-04
610,1.000,1.000,2.809427,2.354606,0.010037,1.101629,0.182051,3.525265,3.077368,0.010041,1.115724,0.813796,1.00e-04
611,1.000,1.000,2.802309,2.347428,0.010039,1.099636,0.183134,3.510648,3.078167,0.010042,1.108355,0.766985,1.00e-04
612,1.000,1.000,2.791595,2.342640,0.010041,1.096133,0.162722,3.519246,3.075202,0.010044,1.110368,0.813777,1.00e-04
613,1.000,1.000,2.794466,2.347492,0.010042,1.095409,0.160559,3.511230,3.060109,0.010046,1.109389,0.837975,1.00e-04
614,1.000,1.000,2.795830,2.344772,0.010044,1.097518,0.169814,3.504679,3.060753,0.010047,1.108941,0.804434,1.00e-04
615,1.000,1.000,2.775705,2.324001,0.010045,1.096016,0.158280,3.480648,3.045126,0.010048,1.104809,0.763309,1.00e-04
616,1.000,1.000,2.766080,2.314335,0.010046,1.094821,0.153593,3.475160,3.041442,0.010049,1.104842,0.750465,1.00e-04
617,1.000,1.000,2.760461,2.306029,0.010048,1.095812,0.154753,3.479157,3.027901,0.010051,1.107876,0.812470,1.00e-04
618,1.000,1.000,2.757477,2.303991,0.010050,1.095927,0.147514,3.497428,3.037668,0.010052,1.111343,0.850885,1.00e-04
619,1.000,1.000,2.762841,2.310299,0.010051,1.094637,0.154260,3.462795,3.006949,0.010054,1.106626,0.819459,1.00e-04
620,1.000,1.000,2.744494,2.289637,0.010052,1.095953,0.139902,3.449669,2.998398,0.010055,1.107407,0.784909,1.00e-04
621,1.000,1.000,2.740260,2.282697,0.010053,1.096195,0.145521,3.457217,2.995009,0.010056,1.107932,0.834098,1.00e-04
622,1.000,1.000,2.735652,2.275403,0.010055,1.096947,0.148642,3.443561,2.982556,0.010058,1.108429,0.813634,1.00e-04
623,1.000,1.000,2.732320,2.274730,0.010056,1.095007,0.142425,3.434660,2.965825,0.010059,1.104932,0.850036,1.00e-04
624,1.000,1.000,2.722628,2.268227,0.010057,1.092818,0.128728,3.439795,2.977277,0.010061,1.103980,0.833702,1.00e-04
625,1.000,1.000,2.717331,2.261699,0.010060,1.093189,0.126865,3.439410,2.953529,0.010063,1.105739,0.919728,1.00e-04
