,lh_Ca,lh_GPe,lh_GPi,lh_Pu,lh_STH,lh_cerebellum_dentate,lh_cerebellum_motor,lh_paracentral_smooth3mm,lh_postcentral_smooth3mm,lh_precentral_smooth3mm,lh_superiorfrontal_smooth3mm,lh_vim,lh_zi,rh_Ca,rh_GPe,rh_GPi,rh_Pu,rh_STH,rh_cerebellum_dentate,rh_cerebellum_motor,rh_paracentral_smooth3mm,rh_postcentral_smooth3mm,rh_precentral_smooth3mm,rh_superiorfrontal_smooth3mm
M34,0.0019494941,0.005411499,0.0037277637,0.0011510677,0.0026439256,0.0018007926,0.003005049,0.0040374463,0.0048516425,0.0042074714,0.0023674448,0.0018503725,0.0019283458,0.003747641,0.0036992657,0.0009172843,0.0028207835,0.0012430049,0.0015011582,0.002161911,0.00051356695,0.002241012,0.0018098851,0.0036734932
M40,0.00041586696,0.001211814,0.0022244193,0.00054312806,0.0019485591,0.0012799274,0.0011491214,0.0020455492,0.0029998426,0.0012522673,0.0011986194,0.0012757408,0.0011064874,0.0011722797,0.0020009517,0.00173862,0.0004997585,0.0010583983,0.0012680283,0.00036638428,0.0015338649,0.0014988127,0.002544175,0.0017018049
M47,0.0008607463,0.0012825236,0.0008824266,0.0022739768,0.0026927604,0.0010652065,0.0024790515,0.0013482529,0.0019603705,0.0024590604,0.0020717238,0.00051296304,0.0015998484,0.0019073226,0.0025288635,0.0029067532,0.0016718317,0.00090285705,0.001606518,0.002809338,0.0017204212,0.0017124343,0.0012819899,0.0020876597
M48,0.0025481882,0.0014511007,0.0016806765,0.0021479877,0.0019767901,0.00078828173,0.0029983795,0.00104269,0.0011470423,0.0019334073,0.00052744715,0.0011525603,0.00152131,0.0023911705,0.0019089024,0.001510963,0.0015521557,0.002191685,0.0015880441,0.00049299956,0.0020375515,0.0006108733,0.0009970344,0.0020100945
M75,0.0022613592,0.004338887,0.0054058386,0.0036882453,0.0012824422,0.004356699,0.0014116908,0.0011324505,0.00097273896,0.0034220899,0.002048278,0.0016261161,0.0023582492,0.0029705486,0.0023104257,0.0010023694,0.002392154,0.0029747612,0.001877688,0.0018978479,0.0021824758,0.0026245127,0.0026645942,0.002648262
M2,0.004127451,0.0020960807,0.005843945,0.0023919365,0.006755555,0.0025663413,0.0036932372,0.00558169,0.0044172253,0.005886579,0.0061063846,0.00562737,0.0012541527,0.000979234,0.005961593,0.0008014563,0.006319952,0.0018943545,0.00066974555,0.0034019037,0.0035646062,0.0064547467,0.0021773246,0.00240134
M80,0.007936757,0.00807886,0.0025513305,0.0030711985,0.0042949775,0.0031653668,0.0031139408,0.0016235779,0.0036276942,0.0051268227,0.0026212477,0.0019491587,0.0061888616,0.003940333,0.0074873385,0.0012215001,0.0062279827,0.00684449,0.0045914366,0.0058337403,0.0021053308,0.0036262104,0.007381116,0.0046122936
M89,0.007473927,0.0016918211,0.015993528,0.008715799,0.007751646,0.008278275,0.010573557,0.0048398445,0.008650262,0.006620748,0.0080298195,0.009974935,0.002056863,0.0063568926,0.009006103,0.0059863906,0.005842125,0.012373107,0.0083201695,0.012368167,0.0073406515,0.009677341,0.008681119,0.0051385476
M33,0.010726662,0.005253645,0.011449811,0.01300458,0.0045046015,0.0057260403,0.0080086365,0.004453268,0.008316703,0.0076522008,0.013305679,0.00990344,0.009417524,0.004645476,0.0028747863,0.0049444074,0.003315863,0.0088623045,0.0038996977,0.011944705,0.009450626,0.011327522,0.0054203947,0.002678936
M91,0.006002424,0.011313788,0.0073086955,0.012290697,0.009778894,0.017543787,0.015848571,0.009760561,0.005369856,0.009648016,0.0032651417,0.013149167,0.0071176053,0.00804337,0.0041763666,0.009550577,0.009146732,0.012500203,0.0044420273,0.0044315383,0.01383893,0.003138185,0.0056921765,0.008797429
M77,0.0063975723,0.017002802,0.008123616,0.003957019,0.007942192,0.011369715,0.0072930604,0.0083345575,0.0135221565,0.004729492,0.010288071,0.011087501,0.006996783,0.0011123896,0.0058716717,0.01004054,0.0046791197,0.010810483,0.014177209,0.012097239,0.0077239797,0.004210583,0.0102872215,0.0025394028
M66,0.025432214,0.007916182,0.006537027,0.0063790516,0.019508861,0.021411808,0.006882318,0.009606094,0.007813475,0.0059361467,0.0031252487,0.0048697707,0.006242242,0.012375031,0.011409062,0.009233285,0.009781096,0.027077327,0.01692259,0.00990103,0.01402866,0.0022858896,0.010750029,0.012898018
M81,0.017540043,0.011626847,0.0013013948,0.01303445,0.01082223,0.0014192718,0.018339654,0.010142752,0.0039354474,0.008422841,0.0027700919,0.0041556484,0.013630209,0.0072160177,0.00215964,0.016094677,0.00615745,0.005476051,0.010888071,0.006789187,0.015472102,0.012010991,0.019452063,0.008942988
M79,0.012002056,0.017744156,0.011316346,0.008848463,0.0191983,0.019446243,0.013815791,0.023670936,0.010680341,0.002129045,0.021267831,0.013045661,0.017994596,0.020482663,0.0073968507,0.0038139073,0.01864716,0.018830156,0.004670689,0.013034134,0.014734052,0.013166986,0.004611052,0.004152512
M21,0.008731468,0.01654431,0.015025077,0.028858006,0.022188874,0.028094055,0.01591377,0.017267104,0.021030176,0.007123155,0.010717586,0.0046326723,0.0043776645,0.027161356,0.0046072737,0.011124437,0.0107557075,0.008702296,0.006097334,0.0076793353,0.0054387082,0.026193595,0.013058456,0.00272524
M6,0.013782671,0.013663015,0.004641722,0.01728875,0.0033046622,0.0010314159,0.019433666,0.012139874,0.028128063,0.037124354,0.009182861,0.008294871,0.0033501028,0.015903743,0.0108035505,0.009178612,0.019025011,0.01540888,0.016315138,0.022518277,0.013768899,0.022061417,0.013292636,0.044518463
M24,0.007104146,0.012588489,0.004692908,0.0143888,0.010433709,0.009333821,0.01231129,0.01341906,0.013631393,0.005406929,0.011191693,0.009298346,0.015774842,0.0020461022,0.01089005,0.008071559,0.0033314473,0.004532086,0.003002454,0.012202685,0.004775433,0.0075849094,0.0032718244,0.0022839068
M59,0.014706795,0.0115850065,0.004988492,0.014060052,0.0050586984,0.004183065,0.01846744,0.027292186,0.012694714,0.005182111,0.011670693,0.012870388,0.029805932,0.003735684,0.016730897,0.010705499,0.020750493,0.0071601123,0.012086613,0.012094648,0.011963043,0.019577999,0.019121505,0.012090085
M16,0.010924903,0.007277644,0.0048079495,0.011443056,0.013569699,0.012233152,0.010396848,0.024300415,0.004731984,0.015832532,0.028846754,0.0037473822,0.017481552,0.007389534,0.009937779,0.0049762945,0.012909794,0.010144503,0.006510205,0.010168247,0.0022782797,0.0033112196,0.013598063,0.019587694
M64,0.017401244,0.0127129685,0.009325964,0.0034365742,0.0345873,0.029071925,0.0127234785,0.026611203,0.0063133277,0.0051151537,0.028422648,0.018480917,0.032865755,0.034011442,0.021341547,0.020463467,0.01986173,0.033473827,0.03226908,0.047310855,0.025416581,0.011454413,0.017383425,0.014584585
M58,0.025519878,0.0054062395,0.00839752,0.022779202,0.0031038888,0.015007005,0.016687308,0.03623969,0.019540707,0.011428646,0.018984938,0.010014709,0.013670185,0.016535249,0.015367783,0.016046287,0.0041102627,0.011936588,0.01769289,0.00546828,0.012533955,0.008081558,0.0078486875,0.013999708
M44,0.012508766,0.0065000765,0.020474246,0.041314024,0.0056148777,0.023874545,0.011022282,0.00037743888,0.017782537,0.040501293,0.0046532103,0.029097954,0.017297741,0.01583077,0.014272648,0.014709093,0.0024561814,0.0060716025,0.018706976,0.004558662,0.024839504,0.0151506625,0.039979465,0.03005856
M26,0.024909718,0.01412486,0.00841893,0.02346736,0.026477367,0.024731554,0.034089487,0.014339763,0.028528472,0.015820254,0.017512092,0.009553831,0.022489607,0.02215211,0.023091745,0.017768765,0.06429539,0.04278564,0.011853781,0.020737588,0.015006873,0.027841296,0.011689868,0.026339361
M53,0.010814748,0.015867421,0.0003868286,0.016133206,0.04418666,0.024794329,0.01457718,0.035022054,0.035563167,0.023701083,0.030366858,0.023087623,0.035465848,0.028733985,0.015137016,0.051807195,0.03805989,0.034447975,0.021839397,0.021749651,0.019474562,0.042892568,0.034022905,0.026537823
M5,0.03333893,0.039240517,0.037140224,0.025646076,0.012698913,0.004470512,0.055597894,0.00086728245,0.015982829,0.018338423,0.032607783,0.019580303,0.0035359615,0.06265896,0.05420275,0.013698169,0.005797037,0.024846623,0.02829587,0.02403825,0.063705616,0.02003847,0.03141257,0.033613466
M67,0.022368351,0.013954103,0.017004147,0.01096376,0.015339352,0.013430475,0.025712293,0.04791842,0.048564427,0.021701388,0.036678363,0.0146888625,0.023290712,0.01345161,0.03380667,0.012255192,0.022129072,0.020528274,0.027284963,0.006989186,0.02406815,0.009260265,0.009272786,0.019585675
M28,0.029583868,0.013213425,0.02384051,0.01437728,0.009287587,0.029957054,0.022588974,0.020484077,0.00936325,0.04402207,0.031991325,0.018539371,0.005791355,0.0152432965,0.021554863,0.014558173,0.024355534,0.01682618,0.00900011,0.012393325,0.014293794,0.0109756,0.012682072,0.02306442
M54,0.0552832,0.015203377,0.04664035,0.031901363,0.019240584,0.086900294,0.026030159,0.013881148,0.03738025,0.031701215,0.049979225,0.040864572,0.052367646,0.016892191,0.011881492,0.009802078,0.057596307,0.049033143,0.0048941416,0.031501714,0.032661572,0.027607579,0.00088719785,0.063018
M60,0.05065081,0.028195653,0.04176278,0.07214865,0.055000804,0.056754768,0.03015686,0.06314781,0.056722652,0.019340262,0.061618727,0.022317046,0.01368305,0.022451311,0.0112578105,0.032537,0.025991078,0.010589276,0.054057218,0.042091403,0.010428866,0.026585188,0.031524252,0.07670005
M7,0.0138155855,0.014249605,0.022622962,0.023543727,0.017136348,0.008631829,0.0274302,0.007064144,0.036614757,0.0035703124,0.021123564,0.01573538,0.023397695,0.022374867,0.011577443,0.026163107,0.021726096,0.028455673,0.017163677,0.04896375,0.022248233,0.038113605,0.010927421,0.01065213
M68,0.036774527,0.01012968,0.0059448173,0.025041265,0.018282954,0.021926988,0.042586565,0.03791525,0.055729035,0.017103415,0.01924567,0.005758035,0.023711735,0.05116871,0.052510086,0.026950335,0.0004533619,0.027672408,0.01014074,0.010178599,0.02525148,0.017356712,0.024394047,0.0048269113
M1,0.030412156,0.013101413,0.03602108,0.044902496,0.028484179,0.007334531,0.02052172,0.0041768937,0.038225632,0.012233897,0.044808388,0.03442096,0.061036207,0.032374684,0.026252994,0.0402891,0.023949703,0.03083468,0.021049207,0.018507829,0.003900253,0.026671523,0.029428158,0.010098299
M74,0.03573432,0.04166238,0.05115405,0.037456166,0.030070547,0.013047844,0.029380608,0.020687995,0.05795308,0.04371515,0.024284529,0.033850346,0.0056981687,0.03249504,0.023840401,0.055428088,0.039274473,0.019992823,0.023928804,0.021089258,0.052682538,0.02771752,0.00845823,0.040884897
M61,0.007041928,0.0458664,0.028882872,0.103692695,0.021248743,0.06030965,0.055571865,0.051896203,0.021393327,0.028404973,0.040173184,0.0165707,0.058067176,0.02666869,0.08576351,0.068797246,0.068256736,0.066548675,0.046743296,0.016440026,0.02970318,0.024543887,0.02020051,0.02303867
M42,0.044312607,0.027228663,0.028797641,0.028603917,0.035564046,0.021022255,0.046871096,0.032961097,0.04543102,0.0065683303,0.04937978,0.06663183,0.024558246,0.011250211,0.042976655,0.010265455,0.019779025,0.025967969,0.013471536,0.012814803,0.022195539,0.03688102,0.009588192,0.0272273
M78,0.07740341,0.035972595,0.047103394,0.106917314,0.015289003,0.07530024,0.086067826,0.09833004,0.053560708,0.045303434,0.071916394,0.03319297,0.0340308,0.046561804,0.07319102,0.03268926,0.13122877,0.076605506,0.018863415,0.05050458,0.023439812,0.022620048,0.08051843,0.061613936
M93,0.042208627,0.06381299,0.016252209,0.053448875,0.022783266,0.043983564,0.0293119,0.0316,0.070150964,0.05425078,0.06503381,0.0066386745,0.091601186,0.031077433,0.037829917,0.033226244,0.0021072912,0.04054996,0.030229282,0.007952337,0.04181006,0.024710352,0.059365377,0.07802471
M84,0.022595944,0.047027223,0.035272047,0.07293809,0.030375512,0.0409196,0.021487394,0.05627841,0.029359628,0.021549266,0.06764241,0.08087843,0.0038825297,0.039258912,0.03440827,0.033040404,0.027993914,0.0180665,0.050477717,0.032996405,0.013884347,0.017686184,0.06527634,0.06953666
M43,0.036400966,0.025898995,0.111732945,0.027563525,0.061614145,0.050273713,0.048265323,0.04513835,0.018251767,0.035972666,0.07037249,0.030787084,0.026313681,0.029663764,0.06490415,0.041347798,0.05725225,0.07700221,0.056245577,0.020049173,0.03205156,0.011075374,0.034801766,0.054143973
M65,0.059098557,0.0441144,0.054354083,0.07798334,0.059413802,0.042737883,0.053998344,0.030647097,0.028877256,0.020837352,0.043315366,0.047851738,0.0399729,0.044668134,0.03722016,0.05852441,0.030785404,0.08030248,0.024152778,0.06736865,0.059301082,0.051647224,0.050679687,0.046434794
M95,0.054939702,0.038521677,0.025704464,0.06859516,0.028686048,0.041849826,0.04428717,0.00796727,0.057142146,0.026387865,0.06469354,0.020819385,0.043651793,0.056826454,0.052669305,0.00994476,0.103580356,0.03544135,0.04834592,0.012934554,0.043745372,0.06926788,0.07073527,0.017980488
M3,0.036296584,0.055195574,0.019862425,0.08519087,0.06525017,0.023800438,0.05068407,0.04703209,0.05373221,0.10168144,0.0071170186,0.03412584,0.03129461,0.04543075,0.06027024,0.020324655,0.10261719,0.025753861,0.05437916,0.07243274,0.041799635,0.07464291,0.026668921,0.11932814
M57,0.065414935,0.09612893,0.039326396,0.04806989,0.024241362,0.070695765,0.018222196,0.11882711,0.05690441,0.022239352,0.100562245,0.145253,0.07327295,0.06970202,0.04593945,0.1428454,0.06314176,0.02400272,0.07779376,0.09310417,0.11344232,0.064639896,0.047496997,0.064181186
M41,0.019370345,0.0274134,0.04283252,0.01580518,0.03497902,0.06164473,0.10322194,0.03211695,0.049364276,0.08418564,0.08101495,0.09897337,0.052714664,0.032106984,0.066595286,0.047776014,0.106745645,0.07646721,0.06088452,0.048065867,0.033241846,0.0767513,0.038545873,0.027448073
M69,0.08873654,0.07433985,0.06670199,0.057080623,0.025886163,0.061306573,0.045719072,0.02464147,0.040754803,0.041937865,0.06066777,0.07723704,0.07948959,0.05105769,0.04042019,0.08820057,0.062715024,0.053654186,0.14610413,0.04812103,0.03508599,0.05283274,0.042718444,0.108843334
M31,0.12003141,0.052862443,0.066077396,0.044210434,0.055537928,0.075068235,0.047251776,0.08146777,0.021087255,0.04395243,0.029281259,0.052969053,0.07771208,0.11711107,0.09725377,0.041922793,0.04427062,0.07915631,0.07115341,0.032612458,0.08709253,0.046386734,0.07159688,0.0068495707
M8,0.060750175,0.12711337,0.011781594,0.037741885,0.11191254,0.032484084,0.093410276,0.13032961,0.066806965,0.052466474,0.038638555,0.1315356,0.05104793,0.11973314,0.08424593,0.079328164,0.028700326,0.11095285,0.023411954,0.05489775,0.043996006,0.045595806,0.06037739,0.049886543
M72,0.04342402,0.05788651,0.023729825,0.033706225,0.022470897,0.03728141,0.07736298,0.039573666,0.048317738,0.04808132,0.047841836,0.011109934,0.028549494,0.013710106,0.030966064,0.044363417,0.006606973,0.054906555,0.05447455,0.104128666,0.019908614,0.044393513,0.017209962,0.025748199
M15,0.01852794,0.054624252,0.054422487,0.02601825,0.08416266,0.026579134,0.064954504,0.035584096,0.020925345,0.058390588,0.031975716,0.0056873825,0.037374593,0.031191058,0.040258247,0.023334004,0.050237674,0.06126945,0.026073785,0.06432241,0.07607799,0.010963346,0.08602154,0.07782533
M46,0.04122999,0.04524511,0.100061245,0.057751916,0.036885154,0.07663548,0.051062707,0.03028689,0.07364665,0.12669241,0.07341246,0.0756236,0.06203693,0.07396533,0.081158064,0.032194134,0.061515078,0.0337936,0.09296668,0.069842935,0.039492384,0.0494635,0.019043066,0.025469862
M32,0.04584983,0.048812777,0.014804866,0.11775749,0.105803564,0.026280789,0.041280493,0.043417163,0.054818194,0.04277323,0.028527565,0.040657472,0.02436257,0.038857386,0.061243568,0.04819214,0.03713025,0.055130005,0.06381458,0.088801816,0.052214958,0.027707063,0.0997825,0.060442172
M49,0.12189589,0.09783809,0.10153258,0.07535239,0.10008706,0.11534297,0.06930845,0.090793386,0.08878871,0.059017207,0.085671544,0.0269712,0.10193956,0.16899857,0.10136902,0.026830278,0.13331467,0.18624021,0.079730555,0.0687154,0.021388669,0.050404735,0.12564938,0.11686929
M17,0.052142736,0.047841914,0.20170802,0.02951191,0.11763244,0.06772912,0.09520172,0.034329493,0.08477592,0.037420623,0.10617144,0.06131275,0.05946042,0.067484155,0.01510395,0.023445427,0.049304396,0.03330843,0.11539104,0.05112083,0.08316932,0.07087628,0.10537035,0.1148344
M13,0.08753763,0.0110152345,0.029301347,0.033966105,0.049555156,0.04788719,0.122686386,0.021587677,0.048162557,0.07849631,0.06655846,0.018029414,0.06143767,0.05361411,0.020682126,0.06567595,0.0621275,0.030814175,0.1317306,0.053577952,0.07216137,0.08342656,0.025770891,0.054977532
M11,0.04908051,0.027242698,0.03766185,0.08028255,0.041470915,0.0658497,0.10370446,0.089022696,0.053595286,0.070438914,0.0266615,0.14833,0.075349666,0.06906946,0.09950732,0.17210044,0.106221065,0.087489314,0.06123655,0.13730408,0.077817574,0.12788396,0.054941613,0.10007396
M25,0.08768636,0.07640772,0.0980819,0.06734759,0.06616252,0.11120975,0.06423988,0.109588444,0.15654254,0.08360774,0.053251643,0.036789194,0.07080705,0.0063992976,0.10855479,0.047646385,0.119036235,0.06794555,0.10385135,0.045531128,0.07717857,0.061866976,0.09357944,0.092598826
M14,0.08448436,0.01652983,0.01883828,0.041278165,0.069254704,0.08221377,0.11189777,0.0847436,0.03955036,0.0027478447,0.032931045,0.057165872,0.06492869,0.023462316,0.087754376,0.12579659,0.005902572,0.06526319,0.030612236,0.033606265,0.07525501,0.06217967,0.03679366,0.020302828
M29,0.086759314,0.045136206,0.13808316,0.022602629,0.032374058,0.08364323,0.09898568,0.04336736,0.02887317,0.052247707,0.104337454,0.050347257,0.10679405,0.084205896,0.074773245,0.08876107,0.041752998,0.086551,0.07009689,0.08927074,0.03056136,0.07123666,0.041932438,0.08915085
M38,0.19996433,0.16515702,0.02517242,0.02555951,0.009941231,0.107459866,0.064222366,0.16140738,0.044498358,0.037096716,0.24952959,0.1548876,0.044102915,0.026041696,0.15917584,0.1566208,0.10560697,0.19687371,0.05292567,0.019170417,0.047514584,0.04587976,0.026209492,0.07858127
M94,0.045706734,0.044716172,0.15183708,0.07982756,0.06100966,0.03994654,0.03495694,0.05308313,0.054751698,0.10578478,0.07433008,0.058232337,0.07914507,0.072724104,0.052473348,0.05633866,0.055518404,0.08241898,0.055482,0.07645767,0.0740499,0.057676837,0.08145093,0.0704671
M22,0.08252205,0.036927443,0.12955591,0.12061228,0.1035625,0.034285076,0.091772065,0.060075004,0.063483536,0.15833038,0.104662724,0.038277496,0.058355168,0.04415077,0.107999995,0.037163123,0.023147285,0.034329,0.049880285,0.03079866,0.030902635,0.12393151,0.011909131,0.0873022
M51,0.058750175,0.14884691,0.03689014,0.12526344,0.1347476,0.1736905,0.09395867,0.054280296,0.102062136,0.040239234,0.11278544,0.044113778,0.06081168,0.082820125,0.110221006,0.12712374,0.06056798,0.17178085,0.1439902,0.16386566,0.057465862,0.03396238,0.03576385,0.04204722
M88,0.049966585,0.113061436,0.085270286,0.13977201,0.04084861,0.04215806,0.07414924,0.1518042,0.059478074,0.06934181,0.115253374,0.12461116,0.05473924,0.07627541,0.03744775,0.17562069,0.08498834,0.14079249,0.039830666,0.07970468,0.066259354,0.039472632,0.104091816,0.028523363
M37,0.02881883,0.024460606,0.11756132,0.051142983,0.019200275,0.085574,0.04674371,0.04065801,0.05077813,0.06787368,0.057664417,0.076435745,0.07422661,0.08389387,0.095757626,0.029522708,0.058945626,0.054781202,0.035821397,0.067507364,0.04292491,0.111200534,0.09349696,0.16842873
M73,0.14969173,0.06539122,0.048809208,0.051877804,0.18345946,0.17504491,0.13960947,0.10448961,0.07930728,0.14146556,0.02985185,0.089852676,0.13924038,0.11552181,0.06580747,0.027828153,0.10075922,0.03317766,0.13614391,0.107587695,0.027186895,0.15177724,0.08496078,0.056897543
M87,0.17482316,0.076202035,0.058926657,0.10546924,0.18702492,0.15738395,0.10561773,0.13281916,0.08961302,0.07997054,0.117840245,0.1382817,0.13816176,0.10273056,0.14502059,0.14283754,0.06852285,0.06508437,0.27384758,0.06976391,0.11680716,0.15672329,0.09324167,0.06491406
M27,0.040664375,0.02513463,0.13661146,0.13747986,0.21629594,0.09021498,0.06611514,0.019132124,0.10527896,0.12514521,0.055864826,0.06624029,0.06639664,0.1976896,0.10952886,0.050612424,0.17506538,0.10690698,0.044550817,0.09201455,0.042034004,0.09304684,0.16714962,0.08679099
M12,0.042754024,0.10595735,0.11402524,0.15949084,0.05984907,0.13340837,0.017880175,0.14140543,0.08229063,0.14814834,0.05559775,0.10480516,0.24393338,0.11030421,0.03558275,0.07169425,0.058392428,0.04207999,0.0052553415,0.0755309,0.19509824,0.04278862,0.030881196,0.094772555
M71,0.17187625,0.12277449,0.043039832,0.19276536,0.21323423,0.094707,0.061922543,0.11120198,0.08231131,0.05529629,0.023879832,0.147428,0.06447884,0.07360323,0.04656458,0.09910997,0.05770453,0.16765568,0.10792854,0.08155373,0.056751486,0.016906332,0.052607924,0.07700452
M23,0.14200851,0.024237707,0.018294057,0.19141077,0.06933934,0.032109536,0.15984368,0.07441686,0.20928338,0.171699,0.092442505,0.06762531,0.2338936,0.117117755,0.09159066,0.077777766,0.11193767,0.02944646,0.124270044,0.110248104,0.234339,0.18708509,0.06863285,0.10329746
M55,0.039078906,0.09403062,0.20068713,0.072587155,0.111132175,0.13887829,0.096015185,0.09963352,0.05357502,0.0394576,0.015738362,0.16335423,0.19540755,0.10613954,0.15925984,0.08767436,0.07229093,0.09007318,0.14960179,0.120985605,0.10428297,0.050372146,0.19272654,0.088220365
M86,0.17821704,0.14279418,0.10434667,0.04222278,0.025282426,0.07636755,0.0687381,0.20624042,0.10852451,0.11320491,0.103801094,0.1266738,0.19772767,0.16369694,0.11330454,0.07344486,0.18163294,0.04764446,0.18533504,0.08195476,0.061411493,0.18478732,0.14003201,0.11751062
M9,0.15477572,0.030056715,0.13419214,0.052683398,0.2252128,0.18219756,0.09098916,0.07519116,0.08117703,0.17487103,0.08339518,0.12324385,0.10814944,0.067173496,0.28664652,0.04840432,0.021869045,0.04671989,0.17008768,0.21778277,0.1357318,0.054962847,0.07740644,0.102983795
M70,0.024291188,0.18421839,0.14466168,0.06469796,0.104740344,0.18621083,0.077456474,0.16936131,0.03583244,0.1433348,0.07667211,0.15098692,0.09202794,0.048677474,0.10509195,0.15830912,0.10399329,0.2691431,0.028725648,0.1895086,0.13248287,0.07196691,0.16452499,0.00395494
M18,0.070260294,0.22433247,0.18118519,0.11445647,0.12392976,0.028400311,0.13325994,0.14181674,0.1260624,0.02315803,0.057994016,0.3042615,0.26951894,0.11182365,0.0353436,0.18687133,0.034603983,0.09109071,0.23468398,0.13764307,0.17849368,0.075571515,0.055718597,0.12379365
M39,0.2646999,0.10537592,0.14845127,0.19465709,0.20900129,0.28300637,0.09541677,0.14966443,0.1828505,0.05909183,0.081966005,0.103992276,0.030777255,0.28942034,0.17326531,0.23305912,0.11992773,0.15385585,0.22839195,0.21300107,0.12958525,0.06118979,0.046326373,0.09664644
M56,0.20189345,0.24960212,0.0031632541,0.10974147,0.12493212,0.030856084,0.13773504,0.11838428,0.17403087,0.09400006,0.13006875,0.13752067,0.04895099,0.26660886,0.08971926,0.13318695,0.08254485,0.14261344,0.19898202,0.20895769,0.2103718,0.19470948,0.17324217,0.16329634
M92,0.15090922,0.06769471,0.12992167,0.055570927,0.057188377,0.10122606,0.09930495,0.10659321,0.21668622,0.18699022,0.12517847,0.06155974,0.09232395,0.20443119,0.11543622,0.08309701,0.056111272,0.06262209,0.12764388,0.1675543,0.080620155,0.024797015,0.15744798,0.13865314
M19,0.1580699,0.09454767,0.12749979,0.2131636,0.05902938,0.19926517,0.053590756,0.11832464,0.12041163,0.17300151,0.24201669,0.05411607,0.17398174,0.21671182,0.1719723,0.20195548,0.17564672,0.30558032,0.14775285,0.029330771,0.11343838,0.076377675,0.045949213,0.25627574
M10,0.06473581,0.06381077,0.10678664,0.012470351,0.10078296,0.08424432,0.095273495,0.106313676,0.08414975,0.11854688,0.04531105,0.12319167,0.124022715,0.028142763,0.09665328,0.06391225,0.17448986,0.11120515,0.10428221,0.0771469,0.07404885,0.14381234,0.059760854,0.0766063
M82,0.04765731,0.20782417,0.16151485,0.38621876,0.06565023,0.4671526,0.06675665,0.04593848,0.16888651,0.08934751,0.03151448,0.07197772,0.13616006,0.18267295,0.21269211,0.21908206,0.20765683,0.15659462,0.24537909,0.21072474,0.1545184,0.14642756,0.04982488,0.051712982
M62,0.059419572,0.10199554,0.08797534,0.057490647,0.12085582,0.14440446,0.07416345,0.018554414,0.12123761,0.1620938,0.11142568,0.11677184,0.10799519,0.09485745,0.27780297,0.06966857,0.24154596,0.06224269,0.1589543,0.10007552,0.07489267,0.06755068,0.1879223,0.10376502
M63,0.13583814,0.14335603,0.15893064,0.1567473,0.08107835,0.10067723,0.14298272,0.18479212,0.120824575,0.10854068,0.13597709,0.18974176,0.2002137,0.06630835,0.26023564,0.123735785,0.31722215,0.056426514,0.10889086,0.18991517,0.1774183,0.24917771,0.16060509,0.20033689
M0,0.16337202,0.14787719,0.054865554,0.08889811,0.16278163,0.12880547,0.09970873,0.07030404,0.14557783,0.18122047,0.10697154,0.23098548,0.11309688,0.042526964,0.23432946,0.16606233,0.17867,0.14799814,0.03310625,0.03447271,0.12693985,0.10405796,0.06334047,0.08697716
M35,0.10477674,0.09834579,0.14059776,0.0328221,0.06439773,0.24204277,0.05498172,0.0866635,0.19940798,0.06979346,0.14573532,0.10735528,0.053467534,0.14586942,0.15745729,0.1647564,0.096319,0.16138914,0.14009707,0.036442332,0.12195615,0.07656062,0.07993503,0.09779728
M50,0.041102547,0.04520438,0.06462468,0.11435004,0.027134905,0.11217471,0.13091226,0.072921686,0.05432772,0.16475743,0.050203305,0.021663705,0.3225265,0.08139734,0.057974465,0.056154434,0.11197941,0.14380921,0.056968197,0.12618762,0.17155996,0.2134632,0.20126043,0.11487304
M90,0.19802003,0.23814891,0.083133906,0.19194372,0.0775909,0.06838755,0.1788572,0.016453568,0.07715211,0.08007079,0.07750618,0.21049048,0.25481656,0.13561101,0.24260283,0.07012239,0.11004079,0.21953149,0.14287883,0.06503342,0.0952547,0.173529,0.16912104,0.10088879
M20,0.0655597,0.22604248,0.2397269,0.1668537,0.11648461,0.005594933,0.16485944,0.05295937,0.21012491,0.16169569,0.09932061,0.09471656,0.109338515,0.05906238,0.121911876,0.08403687,0.06612694,0.101457395,0.07893418,0.110336624,0.063546345,0.11280421,0.1200577,0.11321277
M36,0.18930091,0.06353646,0.100255065,0.26358816,0.1584438,0.07462741,0.034377582,0.19077827,0.047739636,0.16239811,0.088282384,0.13154413,0.14329459,0.16875686,0.057326246,0.039632063,0.020580716,0.13218163,0.18426052,0.174641,0.13383168,0.016865045,0.03362305,0.11520026
M76,0.20986338,0.05583147,0.04239024,0.06383579,0.12382054,0.24792026,0.10267193,0.19603714,0.24476594,0.2440577,0.10629598,0.042740718,0.19552252,0.017711883,0.14089409,0.07326755,0.12848759,0.17892906,0.032383554,0.07334657,0.15208218,0.20200141,0.19859177,0.14818655
M85,0.1368469,0.13705249,0.10058359,0.24677466,0.062236644,0.17612705,0.10803452,0.120826244,0.085373014,0.035990585,0.15560822,0.060625236,0.03257897,0.17660293,0.18369877,0.059967298,0.09393619,0.21855809,0.12708198,0.016137158,0.116903394,0.13298982,0.12779307,0.31920037
M45,0.1701176,0.1162006,0.12920013,0.3649561,0.22366016,0.083930776,0.06301821,0.17526293,0.06410106,0.21872829,0.2318038,0.18552053,0.06670325,0.17496952,0.06062186,0.21807969,0.18718493,0.36357215,0.22078277,0.03088254,0.13647461,0.14489591,0.22189425,0.15806721
M52,0.18762878,0.18064255,0.1043927,0.105231,0.36945626,0.11580108,0.13560411,0.3156832,0.15091366,0.05025961,0.122387774,0.24491064,0.3869633,0.21801098,0.14215425,0.11258878,0.18256356,0.14725679,0.064114854,0.14263159,0.19450392,0.18024561,0.17964497,0.15751082
M83,0.3194713,0.28315336,0.15100458,0.19230482,0.11352468,0.11664113,0.23573199,0.15153857,0.08337274,0.0619981,0.03654894,0.21208782,0.18161754,0.10103153,0.117126934,0.06638661,0.1910319,0.23789217,0.18721487,0.10641011,0.070520625,0.10996341,0.14970954,0.13785215
M30,0.13443594,0.057812907,0.3248488,0.06900229,0.07206394,0.15684682,0.09332304,0.085934535,0.13730355,0.08918248,0.16766384,0.21691282,0.16587168,0.27903745,0.11947483,0.29597056,0.09060836,0.1403495,0.20231336,0.058659498,0.07682557,0.017246442,0.018296594,0.20074399
M4,0.09225249,0.23364088,0.2908919,0.14099483,0.24159375,0.34239614,0.15769573,0.108125806,0.076679796,0.07625694,0.16498248,0.17179742,0.25446022,0.17596488,0.11678863,0.33131406,0.16551949,0.4001457,0.117605925,0.21122804,0.064993404,0.037202615,0.19779275,0.038899258
