target_ROI,lh_Ca,lh_GPe,lh_GPi,lh_Pu,lh_STH,lh_cerebellum_dentate,lh_cerebellum_motor,lh_paracentral_smooth3mm,lh_postcentral_smooth3mm,lh_precentral_smooth3mm,lh_superiorfrontal_smooth3mm,lh_vim,lh_zi,rh_Ca,rh_GPe,rh_GPi,rh_Pu,rh_STH,rh_cerebellum_dentate,rh_cerebellum_motor,rh_paracentral_smooth3mm,rh_postcentral_smooth3mm,rh_precentral_smooth3mm,rh_superiorfrontal_smooth3mm
lh_Ca,5.1072540283203125,3.573892116546631,3.804727077484131,4.162492275238037,4.344880104064941,5.047726631164551,2.8762378692626953,2.653658151626587,3.834611177444458,4.046630382537842,2.881016731262207,3.6504080295562744,2.6142325401306152,3.498687744140625,3.519982099533081,3.7217743396759033,4.2524614334106445,4.607717037200928,4.088871479034424,4.406096935272217,4.542939186096191,3.975255012512207,3.550875425338745,4.616921424865723
lh_GPe,3.3777661323547363,2.730325222015381,2.764141798019409,3.7512574195861816,3.3775951862335205,3.5176079273223877,2.8628671169281006,2.3344063758850098,3.5291078090667725,3.0330851078033447,2.330152988433838,2.5711984634399414,1.8983609676361084,2.5051002502441406,2.893739700317383,2.6252574920654297,3.14290714263916,2.4604318141937256,2.563368320465088,2.7676925659179688,3.1362972259521484,3.359260082244873,2.8359968662261963,3.3427884578704834
lh_GPi,4.287749767303467,3.099010467529297,3.0758047103881836,3.410632371902466,3.566171407699585,3.908019542694092,2.423731565475464,2.487591028213501,3.5755670070648193,3.142331600189209,2.522456645965576,3.2745466232299805,2.5034806728363037,3.1708498001098633,3.177452564239502,2.4269254207611084,3.425497531890869,3.606964588165283,3.353628158569336,3.4756433963775635,3.689309597015381,3.5284833908081055,2.935493230819702,3.996814727783203
lh_Pu,3.3716068267822266,3.037428855895996,2.824974298477173,3.090078353881836,3.5292980670928955,3.5383219718933105,2.9734253883361816,2.5766570568084717,3.1731135845184326,3.3544676303863525,2.0609755516052246,3.333117961883545,2.3206191062927246,2.5774874687194824,2.6709115505218506,2.9760565757751465,3.3272228240966797,3.078841209411621,2.6373565196990967,2.702744722366333,3.4540021419525146,2.976536512374878,2.859128475189209,4.05209493637085
lh_STH,3.8962936401367188,2.3389244079589844,3.2165002822875977,3.2355785369873047,3.718658924102783,3.821188449859619,2.158132314682007,2.3786957263946533,3.477525472640991,2.9114139080047607,2.2250125408172607,3.825138807296753,2.101247549057007,3.0747642517089844,2.8193976879119873,3.2860755920410156,2.623861312866211,3.6141436100006104,3.055694580078125,3.075113296508789,3.333221435546875,3.3853302001953125,3.0132195949554443,4.129751682281494
lh_cerebellum_dentate,4.174968242645264,2.3627943992614746,3.045659303665161,3.825568199157715,3.215338706970215,4.330712795257568,2.7899718284606934,2.0628223419189453,3.556475877761841,3.4452526569366455,2.5542094707489014,3.433244228363037,2.0504722595214844,2.4172818660736084,3.0231988430023193,2.932027578353882,3.298283815383911,4.03713846206665,3.35551118850708,3.0067620277404785,3.894841432571411,3.091752767562866,2.536510467529297,3.748431921005249
lh_cerebellum_motor,4.996253967285156,3.893369674682617,3.619486093521118,4.6024603843688965,4.373396873474121,5.1721601486206055,2.250755786895752,2.657538890838623,4.064709663391113,3.3245556354522705,3.087780475616455,4.207059383392334,2.551945209503174,3.783041477203369,3.554340362548828,3.4638004302978516,4.05550479888916,4.880710601806641,4.1067118644714355,4.098685264587402,4.278294563293457,4.085084438323975,3.501021385192871,4.888400077819824
lh_paracentral_smooth3mm,4.110391616821289,2.8136017322540283,3.893414258956909,4.189942836761475,3.9279072284698486,5.4951300621032715,3.4594151973724365,2.6412272453308105,3.436184883117676,3.6239187717437744,2.546139717102051,4.011100769042969,2.353627920150757,3.1654739379882812,3.798278331756592,3.6260433197021484,3.833710193634033,4.492610931396484,3.5927112102508545,3.955461025238037,3.9503557682037354,4.068222522735596,3.514871835708618,4.238546848297119
lh_postcentral_smooth3mm,3.82831072807312,2.730424165725708,2.988616704940796,3.318737506866455,3.7353367805480957,3.514909505844116,2.3882346153259277,2.519428014755249,3.767408847808838,3.1359570026397705,2.259413480758667,3.510612726211548,2.0921874046325684,2.5418148040771484,2.594627618789673,2.999265193939209,2.9031801223754883,3.080605983734131,2.7469632625579834,2.43603253364563,2.9319229125976562,2.4442474842071533,2.7111093997955322,3.3205478191375732
lh_precentral_smooth3mm,4.355648517608643,2.650265693664551,3.0294854640960693,2.970513343811035,3.569516181945801,3.6756844520568848,1.7532438039779663,2.068225145339966,2.6268434524536133,2.4116835594177246,2.027428150177002,3.494124174118042,1.975140929222107,3.0866823196411133,3.1616897583007812,2.3548781871795654,3.4788401126861572,3.6189026832580566,3.142808437347412,3.998011350631714,3.4520254135131836,3.3467369079589844,3.083207130432129,3.994227409362793
lh_superiorfrontal_smooth3mm,5.047027111053467,3.0864076614379883,3.4406561851501465,3.6118922233581543,3.995950937271118,4.937363147735596,2.6964054107666016,2.7243964672088623,3.4124937057495117,2.9347662925720215,2.3545172214508057,3.805819272994995,1.9598748683929443,3.791192054748535,3.9208717346191406,3.4799234867095947,3.394871234893799,4.452593803405762,3.5750725269317627,4.202256679534912,3.8436148166656494,3.884965419769287,3.6854188442230225,4.308102130889893
lh_vim,5.200677394866943,3.1480259895324707,3.9164390563964844,4.156096935272217,3.9617919921875,5.008599758148193,2.2788517475128174,2.6675355434417725,3.921767234802246,3.403470277786255,2.974828004837036,3.8839211463928223,2.20501708984375,3.3102664947509766,3.4506852626800537,3.5361757278442383,3.7087252140045166,5.16673469543457,4.063920974731445,4.187248229980469,4.212226390838623,4.122872829437256,3.076063394546509,4.40556526184082
lh_zi,4.689484119415283,3.188525438308716,3.4038801193237305,3.2383840084075928,3.525574207305908,3.7584140300750732,2.458402156829834,2.442058801651001,3.2475523948669434,2.845444440841675,2.426603078842163,3.6008193492889404,2.210207939147949,3.2122013568878174,3.1836740970611572,2.9342658519744873,3.3748795986175537,4.012722969055176,3.2670907974243164,4.023998260498047,3.8358614444732666,3.554497480392456,3.0308876037597656,4.583498477935791
rh_Ca,4.6088972091674805,2.954704999923706,4.259281635284424,3.967141628265381,4.56707239151001,5.304935932159424,3.210543394088745,2.7522075176239014,3.8138561248779297,3.467210054397583,2.847764015197754,4.484214782714844,2.308382987976074,3.525400400161743,3.9815711975097656,3.6504745483398438,3.529496669769287,5.000062465667725,3.96260142326355,4.423346996307373,4.294932842254639,4.081670761108398,3.5608081817626953,5.1261444091796875
rh_GPe,3.8434627056121826,3.242370128631592,4.375307559967041,4.523461818695068,3.978396415710449,5.152685642242432,3.2690823078155518,2.9095420837402344,3.543820381164551,4.059544086456299,2.4910521507263184,2.8601512908935547,1.7186996936798096,3.1299426555633545,3.630136489868164,3.7669551372528076,4.080069541931152,4.369990825653076,3.4063875675201416,3.85979962348938,3.913564443588257,3.9899349212646484,3.5461721420288086,3.559654474258423
rh_GPi,4.852144241333008,2.557462692260742,3.6379356384277344,4.053566932678223,4.196613788604736,4.9823384284973145,2.707475185394287,2.9098551273345947,3.3151984214782715,3.1790542602539062,2.9163858890533447,4.322145938873291,2.1366331577301025,3.4213836193084717,3.4103739261627197,3.583853006362915,3.6008479595184326,4.692955017089844,4.036049842834473,4.026243209838867,4.213817596435547,3.999282121658325,2.934643030166626,4.899205207824707
rh_Pu,3.9604063034057617,2.80914044380188,3.4778106212615967,3.2498536109924316,4.007316589355469,4.253778457641602,2.7042508125305176,2.304901599884033,3.7108869552612305,3.2293052673339844,2.6046762466430664,3.4217517375946045,2.7197320461273193,2.927696704864502,3.13161039352417,3.5438008308410645,3.5660457611083984,4.055398464202881,3.7633731365203857,3.490778684616089,3.7681591510772705,3.723140001296997,2.7354698181152344,3.994839906692505
rh_STH,3.4714319705963135,2.750192403793335,3.7868258953094482,3.715928792953491,4.007619380950928,4.533140182495117,3.0802671909332275,2.5712099075317383,3.5931005477905273,3.5736842155456543,2.4533517360687256,2.8971054553985596,1.7152411937713623,3.0534536838531494,3.2423670291900635,3.6588854789733887,3.5759871006011963,4.042395114898682,3.4270524978637695,3.672773599624634,3.438969850540161,3.6486916542053223,3.410282850265503,3.694760799407959
rh_cerebellum_dentate,5.216908931732178,3.3936049938201904,3.4699912071228027,3.6308810710906982,3.840167999267578,4.8434672355651855,2.057452440261841,2.6045076847076416,2.936086893081665,2.9783754348754883,2.449936866760254,3.7559337615966797,2.7262182235717773,3.4537127017974854,3.1350722312927246,2.7140793800354004,3.8814337253570557,4.9321441650390625,4.774962425231934,4.308763027191162,4.28151273727417,4.00689697265625,2.9518511295318604,4.520519256591797
rh_cerebellum_motor,3.5128543376922607,2.1452672481536865,3.3058133125305176,3.219578266143799,3.636206865310669,4.0063066482543945,2.415428400039673,2.7017202377319336,3.4305620193481445,2.7754690647125244,2.537707805633545,3.374063491821289,1.9919745922088623,2.946882486343384,2.745338201522827,2.9630203247070312,2.9138872623443604,3.1495797634124756,3.2897439002990723,3.2186546325683594,3.388183832168579,3.549009323120117,2.762352705001831,3.5918407440185547
rh_paracentral_smooth3mm,4.76267147064209,3.1353812217712402,3.9809987545013428,4.182316780090332,4.265456676483154,4.777384281158447,3.287187337875366,3.2979965209960938,3.8344616889953613,3.8904263973236084,2.9635722637176514,3.9859440326690674,2.4778988361358643,3.426243543624878,3.8784000873565674,4.068480491638184,4.346935272216797,4.3790082931518555,4.057369232177734,4.280827522277832,4.146050930023193,4.498943328857422,3.815000534057617,4.675837516784668
rh_postcentral_smooth3mm,5.742403507232666,3.37359356880188,5.3599019050598145,5.699799537658691,5.231898307800293,6.392472743988037,3.515727996826172,3.2613019943237305,4.484771728515625,4.386840343475342,3.12811279296875,4.845430374145508,2.3730244636535645,4.17124080657959,4.803832530975342,4.496086597442627,4.855350971221924,5.809647560119629,4.613929271697998,5.42286491394043,5.245083808898926,4.8676581382751465,4.448415279388428,5.811383247375488
rh_precentral_smooth3mm,5.219937324523926,3.0037262439727783,3.4002888202667236,3.829177141189575,4.13339900970459,4.241668701171875,2.2492287158966064,2.521136522293091,2.8628289699554443,3.672752857208252,2.657531261444092,3.933279275894165,2.3048033714294434,3.641745090484619,3.8293347358703613,3.3709425926208496,3.791771411895752,4.5750532150268555,3.808537483215332,4.762290954589844,4.194174289703369,4.192962646484375,3.0681090354919434,4.516226291656494
rh_superiorfrontal_smooth3mm,4.00485897064209,2.4145009517669678,3.209242582321167,3.8950679302215576,3.3916709423065186,4.407270431518555,2.65763783454895,2.5264265537261963,2.9721639156341553,3.553072214126587,2.5519769191741943,3.2669434547424316,1.8672292232513428,2.7620623111724854,3.2930824756622314,2.7656311988830566,2.9460887908935547,3.8215415477752686,3.130162000656128,3.4430909156799316,3.3763551712036133,3.675686836242676,2.9477524757385254,3.5626955032348633
