mode_index,eigenvalue_mag,phase_rad,freq_hz,period_s,tau_s
23,0.9935163,-0.48811373,0.038842857,25.74476,307.466
43,0.9914714,2.1770306,0.17324258,5.772253,233.5039
48,0.98477495,-2.6925325,0.21426493,4.6671195,130.35988
70,0.9821184,-2.6710076,0.21255203,4.7047305,110.84398
57,0.9794111,-1.0172943,0.0809537,12.352739,96.13637
30,0.9789385,-1.7975792,0.1430468,6.990719,93.956535
87,0.97732323,0.3754301,0.029875778,33.47193,87.19217
61,0.9771424,-2.887623,0.22978973,4.3518043,86.49436
34,0.9768849,1.839399,0.14637472,6.831781,85.51964
28,0.9729054,-0.1910594,0.015204024,65.772064,72.81087
91,0.9678337,-1.5814737,0.12584968,7.9459877,61.17142
5,0.9652837,0.6684506,0.053193606,18.799252,56.603924
27,0.9623569,1.8065209,0.14375837,6.956117,52.12423
20,0.9609311,0.7343223,0.05843551,17.112883,50.185
93,0.9606127,0.09847551,0.007836432,127.6091,49.77111
79,0.9595283,1.380657,0.10986919,9.101733,48.410397
17,0.9520361,2.848175,0.22665057,4.4120784,40.68982
71,0.95072275,-0.26564485,0.021139344,47.305157,39.578262
49,0.9446843,1.743231,0.13872191,7.2086663,35.146637
88,0.94036645,0.74345994,0.05916266,16.902554,32.52792
69,0.92896634,-0.66013414,0.052531805,19.036087,27.143387
80,0.92875636,0.119992375,0.009548689,104.72641,27.060362
31,0.92753196,-1.9312481,0.15368384,6.506865,26.585836
9,0.9216436,2.3034132,0.1832998,5.4555435,24.510805
32,0.92085844,-2.2220967,0.17682883,5.655186,24.257433
33,0.92036694,-0.7155884,0.056944713,17.560892,24.10137
11,0.9177156,-0.31157002,0.024793953,40.332413,23.291636
74,0.9171775,2.943726,0.23425427,4.2688656,23.13362
53,0.9169554,0.82319874,0.065508075,15.265294,23.069
76,0.91688824,2.9870782,0.23770413,4.2069106,23.049522
3,0.9115218,2.4990988,0.19887196,5.028361,21.588999
50,0.9092075,1.2940456,0.10297687,9.710918,21.012396
89,0.90804565,2.055673,0.16358525,6.113021,20.733847
25,0.90781605,-1.9290398,0.15350811,6.5143137,20.679634
92,0.9071067,-0.9930809,0.07902686,12.653925,20.51383
19,0.90426147,-2.765369,0.22006106,4.5441933,19.87346
22,0.8988698,-2.104912,0.16750358,5.9700217,18.758724
95,0.8972234,0.093879834,0.0074707195,133.85591,18.441612
52,0.89576715,0.80275,0.063880816,15.654153,18.169466
47,0.8922788,-0.19822627,0.015774345,63.394073,17.547453
82,0.8903189,-0.45510513,0.036216114,27.612019,17.215319
51,0.8887768,-2.87912,0.22911309,4.364657,16.96221
21,0.88006717,-2.7608535,0.21970174,4.5516253,15.6547165
60,0.87825316,1.2362416,0.098376974,10.16498,15.4059
65,0.8745858,-0.13021596,0.010362256,96.50408,14.924831
1,0.87107974,-0.9804519,0.07802188,12.816917,14.49047
75,0.8690944,0.70336384,0.055971913,17.866104,14.254805
39,0.8685692,0.9527861,0.075820304,13.189079,14.193655
58,0.8651991,-2.0122225,0.16012758,6.2450204,13.812572
81,0.86224276,2.0573614,0.16371961,6.1080036,13.493598
45,0.8580147,2.2452672,0.17867267,5.5968266,13.060452
78,0.84664494,0.99680954,0.07932358,12.606592,12.013897
42,0.8459049,-2.7977166,0.22263521,4.4916525,11.951119
44,0.8455942,-3.1378784,0.24970442,4.004735,11.924943
54,0.844304,1.0501323,0.08356687,11.966465,11.817353
83,0.84404457,-2.601001,0.20698108,4.8313594,11.795933
67,0.843883,-0.71438104,0.056848634,17.590572,11.782626
35,0.8356148,-2.2387784,0.17815632,5.613048,11.136631
46,0.83513546,-2.154648,0.17146143,5.8322153,11.101161
15,0.83308244,1.5134364,0.12043544,8.303204,10.951543
40,0.8287734,-1.7817008,0.14178324,7.0530195,10.649143
66,0.8274185,0.8621492,0.06860765,14.575634,10.557174
18,0.8243789,2.4147878,0.19216269,5.2039237,10.355987
37,0.8226323,0.7328504,0.058318377,17.147253,10.24349
0,0.82030827,-0.08999569,0.0071616294,139.63303,10.097181
26,0.81684375,-0.17417175,0.0138601465,72.14931,9.885943
94,0.8108118,0.53258866,0.042382058,23.59489,9.536556
14,0.8063598,-1.0287565,0.08186584,12.215107,9.292592
2,0.80493194,-0.5761016,0.045844708,21.812769,9.216694
85,0.804065,-3.0687523,0.24420354,4.0949445,9.171148
64,0.80166984,-2.448788,0.19486834,5.13167,9.047381
10,0.8006213,-2.8385055,0.22588108,4.4271083,8.994129
24,0.79367024,2.0401437,0.16234948,6.1595516,8.65474
84,0.77756375,3.0176747,0.24013892,4.1642566,7.9494524
41,0.77751255,-2.8344426,0.22555777,4.433454,7.947373
13,0.7726454,3.0834403,0.24537237,4.0754385,7.75389
86,0.7694555,-1.3365983,0.10636311,9.401756,7.6314855
63,0.7691369,-1.2830666,0.102103196,9.794013,7.6194468
56,0.76881564,-2.6927485,0.21428211,4.666745,7.6073375
8,0.7663971,2.348235,0.1868666,5.3514113,7.517248
72,0.7612482,-1.244765,0.09905525,10.095376,7.3314896
38,0.7567864,2.3575482,0.18760772,5.330271,7.176839
73,0.7541175,-1.0272621,0.08174692,12.232877,7.0869937
16,0.75367457,-1.5866207,0.12625925,7.9202113,7.072271
59,0.75180197,-0.49342376,0.039265413,25.467705,7.0105987
6,0.7493018,-2.719841,0.21643807,4.6202593,6.929684
62,0.7492807,0.35430595,0.02819477,35.46757,6.929008
90,0.7473697,1.279192,0.10179486,9.823679,6.868243
4,0.7439947,-0.9165614,0.07293764,13.710342,6.7631235
7,0.7430619,1.1965574,0.09521901,10.502105,6.734553
12,0.736164,-1.6560882,0.13178732,7.587984,6.5294952
68,0.7356001,-0.42946464,0.03417571,29.26055,6.5132017
36,0.7320318,2.9835787,0.23742564,4.211845,6.411668
29,0.72606707,1.7003379,0.13530858,7.390514,6.2477965
55,0.72243106,1.9309652,0.15366133,6.5078187,6.151324
77,0.7153389,-2.4857197,0.19780728,5.0554256,5.9701686
